Project URL,Category,PR Link,Notes,commit_count,file_count,additions_count,deletions_count
https://github.com/abel533/Mapper,ID,https://github.com/abel533/Mapper/pull/940,,1,-1,5,5
https://github.com/abel533/Mapper,OD,https://github.com/abel533/Mapper/pull/838,https://github.com/TestingResearchIllinois/idoft/issues/90,2,-1,22,0
https://github.com/adobe/aem-core-wcm-components,ID,https://github.com/adobe/aem-core-wcm-components/pull/2621,https://github.com/adobe/aem-core-wcm-components/issues/2606,6,-1,1,2
https://github.com/Activiti/Activiti,NIO,https://github.com/Activiti/Activiti/pull/3488,,2,-1,1,0
https://github.com/abel533/Mapper,OD-Vic,https://github.com/abel533/Mapper/pull/942,https://github.com/TestingResearchIllinois/idoft/issues/90,1,-1,22,0
https://github.com/adobe/aem-core-wcm-components,ID,https://github.com/adobe/aem-core-wcm-components/pull/2630,https://github.com/adobe/aem-core-wcm-components/issues/2611,4,-1,7,1
https://github.com/abel533/Mapper,OD-Vic,https://github.com/abel533/Mapper/pull/946,https://github.com/TestingResearchIllinois/idoft/issues/90,1,-1,91,0
https://github.com/Accenture/mercury,ID,https://github.com/Accenture/mercury/pull/143,,1,-1,2,2
https://github.com/abel533/Mapper,OD-Vic,https://github.com/abel533/Mapper/pull/941,https://github.com/TestingResearchIllinois/idoft/issues/90,1,-1,66,0
https://github.com/adobe/aem-core-wcm-components,ID,https://github.com/adobe/aem-core-wcm-components/pull/2629,https://github.com/adobe/aem-core-wcm-components/issues/2608,3,-1,3,2
https://github.com/Activiti/Activiti,NIO,https://github.com/Activiti/Activiti/pull/3487,,2,-1,1,0
https://github.com/adobe/aem-core-wcm-components,ID,https://github.com/adobe/aem-core-wcm-components/pull/2991,,3,-1,39,8
https://github.com/adobe/aem-core-wcm-components,ID,https://github.com/adobe/aem-core-wcm-components/pull/2894,https://github.com/wcm-io/io.wcm.testing.aem-mock/pull/52,2,-1,5,3
https://github.com/adobe/aem-core-wcm-components,ID,https://github.com/adobe/aem-core-wcm-components/pull/2628,https://github.com/adobe/aem-core-wcm-components/issues/2619,2,-1,2,2
https://github.com/abel533/Mapper,ID,https://github.com/abel533/Mapper/pull/896,Accepted in the PR https://github.com/abel533/Mapper/pull/666 but later reverted in the commit https://github.com/abel533/Mapper/commit/79d313a7ca6cba6c5d5323746fb83ed5744180a1,1,-1,10,9
https://github.com/alibaba/druid,ID,https://github.com/alibaba/druid/pull/4574,,1,-1,70,10
https://github.com/Adyen/adyen-java-api-library,ID,https://github.com/Adyen/adyen-java-api-library/pull/681, A previous PR (https://github.com/Adyen/adyen-java-api-library/pull/654) was opened but not accepted because of adding a library,25,-1,109,83
https://github.com/airlift/airlift,ID,https://github.com/airlift/airlift/pull/1335,,1,-1,3,0
https://github.com/alibaba/druid,ID,https://github.com/alibaba/druid/pull/4575,,1,-1,57,1
https://github.com/adobe/asset-share-commons,ID,https://github.com/adobe/asset-share-commons/pull/672,issue: https://github.com/adobe/asset-share-commons/issues/673,2,-1,1,1
https://github.com/adobe/captivate-prime-aem-components,ID,https://github.com/adobe/captivate-prime-aem-components/pull/4,,3,-1,2,1
https://github.com/alibaba/druid,ID,https://github.com/alibaba/druid/pull/4577,,1,-1,57,3
https://github.com/alibaba/druid,ID,https://github.com/alibaba/druid/pull/6240,,1,-1,3,1
https://github.com/alibaba/druid,ID,https://github.com/alibaba/druid/pull/4578,,1,-1,55,2
https://github.com/alibaba/druid,ID,https://github.com/alibaba/druid/pull/4717,,1,-1,2,2
https://github.com/alibaba/druid,ID,https://github.com/alibaba/druid/pull/4576,,1,-1,57,7
https://github.com/alibaba/fastjson,ID,https://github.com/alibaba/fastjson/pull/3525,https://github.com/TestingResearchIllinois/idoft/issues/2;RepoArchived,1,-1,1,2
https://github.com/alibaba/easyexcel,OD,https://github.com/alibaba/easyexcel/pull/1684,,1,-1,1,0
https://github.com/alibaba/fastjson,OD,https://github.com/alibaba/fastjson/pull/4458,https://github.com/TestingResearchIllinois/flaky-test-dataset/issues/76;RepoArchived,1,-1,6,3
https://github.com/alibaba/fastjson,ID,https://github.com/alibaba/fastjson/pull/3527,RepoArchived,1,-1,3,4
https://github.com/alibaba/fastjson,ID,https://github.com/alibaba/fastjson/pull/3526,RepoArchived,2,-1,4,3
https://github.com/alibaba/fastjson,ID,https://github.com/alibaba/fastjson/pull/3528,https://github.com/TestingResearchIllinois/idoft/issues/3;RepoArchived,1,-1,3,1
https://github.com/alibaba/fastjson,ID,https://github.com/alibaba/fastjson/pull/3117,RepoArchived,1,-1,3,3
https://github.com/alibaba/fastjson,ID,https://github.com/alibaba/fastjson/pull/3570,RepoArchived,5,-1,11,4
https://github.com/alibaba/fastjson,ID,https://github.com/alibaba/fastjson/pull/3522,https://github.com/TestingResearchIllinois/idoft/issues/3;RepoArchived,1,-1,5,4
https://github.com/alibaba/fastjson,ID,https://github.com/alibaba/fastjson/pull/3042,RepoArchived,1,-1,2,1
https://github.com/alibaba/fastjson,OD,https://github.com/alibaba/fastjson/pull/2148,RepoArchived,1,-1,12,0
https://github.com/alibaba/fastjson,ID,https://github.com/alibaba/fastjson/pull/3532,RepoArchived,1,-1,3,2
https://github.com/alibaba/fastjson,ID,https://github.com/alibaba/fastjson/pull/3502,RepoArchived,1,-1,2,2
https://github.com/alibaba/fastjson,ID,https://github.com/alibaba/fastjson/pull/3531,RepoArchived,1,-1,3,2
https://github.com/alibaba/fastjson,ID,https://github.com/alibaba/fastjson/pull/3483,https://github.com/TestingResearchIllinois/flaky-test-dataset/issues/8;RepoArchived,1,-1,6,2
https://github.com/alibaba/fastjson,ID,https://github.com/alibaba/fastjson/pull/3535,RepoArchived,1,-1,3,3
https://github.com/alibaba/fastjson,ID,https://github.com/alibaba/fastjson/pull/3025,RepoArchived,1,-1,2,1
https://github.com/alibaba/fastjson,ID,https://github.com/alibaba/fastjson/pull/3571,RepoArchived,5,-1,9,6
https://github.com/alibaba/fastjson,ID,https://github.com/alibaba/fastjson/pull/3534,RepoArchived,1,-1,4,4
https://github.com/alibaba/fastjson,ID,https://github.com/alibaba/fastjson/pull/3529,RepoArchived,1,-1,2,1
https://github.com/alibaba/fastjson,ID,https://github.com/alibaba/fastjson/pull/3939,RepoArchived,2,-1,13,2
https://github.com/alibaba/fastjson,OD,https://github.com/alibaba/fastjson/pull/3291,RepoArchived,1,-1,5,0
https://github.com/alibaba/fastjson,ID,https://github.com/alibaba/fastjson/pull/3503,RepoArchived,1,-1,3,2
https://github.com/alibaba/fastjson,ID,https://github.com/alibaba/fastjson/pull/3523,RepoArchived,1,-1,1,0
https://github.com/alibaba/fastjson,NOD,https://github.com/alibaba/fastjson/pull/4460,RepoArchived,1,-1,2,1
https://github.com/alibaba/fastjson,ID,https://github.com/alibaba/fastjson/pull/3011,RepoArchived,1,-1,2,2
https://github.com/alibaba/fastjson,ID,https://github.com/alibaba/fastjson/pull/2799,RepoArchived,1,-1,2,2
https://github.com/alibaba/fastjson,ID,https://github.com/alibaba/fastjson/pull/3572,RepoArchived,1,-1,2,0
https://github.com/alibaba/fastjson,ID,https://github.com/alibaba/fastjson/pull/3533,RepoArchived,2,-1,2,1
https://github.com/alibaba/fastjson,ID,https://github.com/alibaba/fastjson/pull/2996,RepoArchived,1,-1,2,2
https://github.com/alibaba/fastjson,ID,https://github.com/alibaba/fastjson/pull/3530,RepoArchived,1,-1,12,3
https://github.com/alibaba/fastjson,OD,https://github.com/alibaba/fastjson/pull/2133,RepoArchived,2,-1,2,1
https://github.com/alibaba/fastjson2,ID,https://github.com/alibaba/fastjson2/pull/3150,https://github.com/alibaba/fastjson2/issues/3149,1,-1,11,4
https://github.com/alibaba/fastjson2,ID,https://github.com/alibaba/fastjson2/pull/2034,https://github.com/alibaba/fastjson2/issues/2033,1,-1,14,10
https://github.com/alibaba/fastjson2,ID,https://github.com/alibaba/fastjson2/pull/2030,https://github.com/alibaba/fastjson2/issues/2029,1,-1,16,9
https://github.com/alibaba/fastjson,ID,https://github.com/alibaba/fastjson/pull/3569,RepoArchived,1,-1,27,14
https://github.com/alibaba/fastjson2,ID,https://github.com/alibaba/fastjson2/pull/2026,https://github.com/alibaba/fastjson2/issues/2017,1,-1,4,3
https://github.com/alibaba/fastjson2,ID,https://github.com/alibaba/fastjson2/pull/3159,https://github.com/alibaba/fastjson2/issues/3158,1,-1,17,7
https://github.com/alibaba/fastjson2,ID,https://github.com/alibaba/fastjson2/pull/3097,https://github.com/alibaba/fastjson2/issues/3096,1,-1,18,2
https://github.com/alibaba/fastjson2,TZD,https://github.com/alibaba/fastjson2/pull/3166,https://github.com/alibaba/fastjson2/issues/3165,1,-1,13,8
https://github.com/alibaba/fastjson2,ID,https://github.com/alibaba/fastjson2/pull/2169,,1,-1,4,3
https://github.com/alibaba/fastjson2,ID,https://github.com/alibaba/fastjson2/pull/2056,https://github.com/alibaba/fastjson2/issues/2055,1,-1,88,56
https://github.com/alibaba/fastjson2,ID,https://github.com/alibaba/fastjson2/pull/3127,https://github.com/alibaba/fastjson2/issues/3126,1,-1,20,12
https://github.com/alibaba/fastjson,OD,https://github.com/alibaba/fastjson/pull/2291,RepoArchived,3020,-1,192024,20817
https://github.com/alibaba/fastjson2,ID,https://github.com/alibaba/fastjson2/pull/3106,https://github.com/alibaba/fastjson2/issues/3098,1,-1,3,3
https://github.com/alibaba/innodb-java-reader,ID,https://github.com/alibaba/innodb-java-reader/pull/14,,1,-1,23,0
https://github.com/alibaba/jetcache,ID,https://github.com/alibaba/jetcache/pull/614,,1,-1,10,5
https://github.com/alibaba/fastjson2,ID,https://github.com/alibaba/fastjson2/pull/3107,https://github.com/alibaba/fastjson2/issues/3094,1,-1,7,2
https://github.com/alibaba/metrics,ID,https://github.com/alibaba/metrics/pull/74,,1,-1,2,2
https://github.com/alibaba/nacos,ID,https://github.com/alibaba/nacos/pull/7296,,2,-1,6,5
https://github.com/alibaba/nacos,OD-Vic,https://github.com/alibaba/nacos/pull/4384,,1,-1,6,1
https://github.com/alibaba/jetcache,ID,https://github.com/alibaba/jetcache/pull/446,,1,-1,2,2
https://github.com/alibaba/nacos,ID,https://github.com/alibaba/nacos/pull/12885,,1,-1,5,3
https://github.com/alibaba/nacos,ID,https://github.com/alibaba/nacos/pull/11373,,2,-1,12,4
https://github.com/alibaba/nacos,ID,https://github.com/alibaba/nacos/pull/9505,,2,-1,7,6
https://github.com/alibaba/nacos,ID,https://github.com/alibaba/nacos/pull/9340,Was Rejected by-https://github.com/alibaba/nacos/pull/8102,1,-1,4,1
https://github.com/alibaba/nacos,ID,https://github.com/alibaba/nacos/pull/13858,https://github.com/alibaba/nacos/issues/13857,4,-1,19,1
https://github.com/alibaba/Sentinel,OD-Vic,https://github.com/alibaba/Sentinel/pull/3272,https://github.com/alibaba/Sentinel/issues/3271,1,-1,4,0
https://github.com/alibaba/tamper,ID,https://github.com/alibaba/tamper/pull/17,,1,-1,3,3
https://github.com/alibaba/Sentinel,OD,https://github.com/alibaba/Sentinel/pull/1859,,4,-1,2,0
https://github.com/alibaba/Sentinel,OD-Vic,https://github.com/alibaba/Sentinel/pull/3282,https://github.com/alibaba/Sentinel/issues/3281,1,-1,4,0
https://github.com/alibaba/Sentinel,TZD,https://github.com/alibaba/Sentinel/pull/3459,,1,-1,1,1
https://github.com/alibaba/Sentinel,OD-Brit,https://github.com/alibaba/Sentinel/pull/2558,,1,-1,1,0
https://github.com/alibaba/testable-mock,ID,https://github.com/alibaba/testable-mock/pull/223,,1,-1,38,34
https://github.com/alien4cloud/alien4cloud,OD,https://github.com/alien4cloud/alien4cloud/pull/182,,1,-1,6,2
https://github.com/AmadeusITGroup/workflow-cps-global-lib-http-plugin,ID,https://github.com/AmadeusITGroup/workflow-cps-global-lib-http-plugin/pull/68,,2,-1,8,11
https://github.com/Alluxio/alluxio,ID,https://github.com/Alluxio/alluxio/pull/15274,,1,-1,11,3
https://github.com/alibaba/spring-cloud-alibaba,OD,https://github.com/alibaba/spring-cloud-alibaba/pull/3498,,1,-1,9,0
https://github.com/AmadeusITGroup/jenkins-opentracing-plugin,ID,https://github.com/AmadeusITGroup/jenkins-opentracing-plugin/pull/8,,1,-1,5,0
https://github.com/amzn/amazon-instant-access-sdk-java,ID,https://github.com/amzn/amazon-instant-access-sdk-java/pull/13,,2,-1,30,4
https://github.com/alibaba/tamper,ID,https://github.com/alibaba/tamper/pull/18,,1,-1,8,8
https://github.com/amzn/amazon-hub-counter-sdk-java,ID,https://github.com/amzn/amazon-hub-counter-sdk-java/pull/2,,2,-1,13,1
https://github.com/apache/accumulo,ID,https://github.com/apache/accumulo/pull/5962,,1,-1,28,4
https://github.com/Alluxio/alluxio,ID,https://github.com/Alluxio/alluxio/pull/18328,,1028,-1,158502,209627
https://github.com/apache/accumulo,ID,https://github.com/apache/accumulo/pull/5961,https://github.com/apache/accumulo/pull/6008,1,-1,9,2
https://github.com/apache/accumulo,ID,https://github.com/apache/accumulo/pull/5947,,1,-1,4,2
https://github.com/amzn/amazon-pay-api-sdk-java,ID,https://github.com/amzn/amazon-pay-api-sdk-java/pull/21,,1,-1,3,1
https://github.com/apache/atlas,ID,https://github.com/apache/atlas/pull/150,,1,-1,2,1
https://github.com/apache/activemq,ID,https://github.com/apache/activemq/pull/1129,https://github.com/apache/activemq/commit/343e3de5559971691fa20ca71cbe5225a4f7dfe4,4,-1,63,6
https://github.com/amzn/amazon-pay-api-sdk-java,ID,https://github.com/amzn/amazon-pay-api-sdk-java/pull/17,,1,-1,2,4
https://github.com/apache/aries-cdi,ID,https://github.com/apache/aries-cdi/pull/116,,2,-1,25,9
https://github.com/apache/archiva,OD,https://github.com/apache/archiva/pull/82,RepoArchived,4,-1,8,0
https://github.com/apache/accumulo,ID,https://github.com/apache/accumulo/pull/5948,,4,-1,7,1
https://github.com/apache/atlas,ID,https://github.com/apache/atlas/pull/149,,2,-1,2,1
https://github.com/apache/atlas,ID,https://github.com/apache/atlas/pull/462,,1,-1,2,1
https://github.com/apache/atlas,ID,https://github.com/apache/atlas/pull/151,,2,-1,3,2
https://github.com/apache/avro,ID,https://github.com/apache/avro/pull/2012,,2,-1,10,4
https://github.com/apache/avro,ID,https://github.com/apache/avro/pull/667,,1,-1,8,5
https://github.com/apache/avro,ID,https://github.com/apache/avro/pull/2015,,3,-1,9,7
https://github.com/apache/causeway,ID,https://github.com/apache/causeway/pull/2059,https://github.com/apache/causeway/commit/536317edbf1bd99119b68a294687aca53f9b765f,1,-1,44,14
https://github.com/apache/camel-spring-boot,ID,https://github.com/apache/camel-spring-boot/pull/682,,2,-1,3,2
https://github.com/apache/bookkeeper,ID,https://github.com/apache/bookkeeper/pull/3551,,1,-1,6,6
https://github.com/apache/camel-spring-boot,ID,https://github.com/apache/camel-spring-boot/pull/681,,2,-1,13,5
https://github.com/apache/camel,ID,https://github.com/apache/camel/pull/8875,,3,-1,16,7
https://github.com/apache/causeway,ID,https://github.com/apache/causeway/pull/2076,,1,-1,2,2
https://github.com/apache/cloudstack,ID,https://github.com/apache/cloudstack/pull/8238,,1,-1,16,8
https://github.com/apache/bookkeeper,ID,https://github.com/apache/bookkeeper/pull/3702,,1,-1,2,1
https://github.com/apache/causeway,ID,https://github.com/apache/causeway/pull/2063,,1,-1,4,6
https://github.com/apache/cayenne,ID,https://github.com/apache/cayenne/pull/470,,2,-1,2,2
https://github.com/apache/cayenne,ID,https://github.com/apache/cayenne/pull/473,,4,-1,4,0
https://github.com/apache/cayenne,ID,https://github.com/apache/cayenne/pull/472,,5,-1,3,5
https://github.com/apache/cloudstack,ID,https://github.com/apache/cloudstack/pull/8185,,1,-1,6,5
https://github.com/apache/cloudstack,ID,https://github.com/apache/cloudstack/pull/8183,,1,-1,12,1
https://github.com/apache/commons-collections,ID,https://github.com/apache/commons-collections/pull/353,,1,-1,4,0
https://github.com/apache/commons-collections,ID,https://github.com/apache/commons-collections/pull/341,https://issues.apache.org/jira/browse/COLLECTIONS-804,16,-1,187,1
https://github.com/apache/commons-collections,ID,https://github.com/apache/commons-collections/pull/200,,2,-1,2,4
https://github.com/apache/cloudstack,ID,https://github.com/apache/cloudstack/pull/6905,,1,-1,9,3
https://github.com/apache/commons-collections,ID,https://github.com/apache/commons-collections/pull/336,https://issues.apache.org/jira/browse/COLLECTIONS-804,8,-1,50,5
https://github.com/apache/cloudstack,ID,https://github.com/apache/cloudstack/pull/8232,,1,-1,2,0
https://github.com/apache/cloudstack,ID,https://github.com/apache/cloudstack/pull/6875,,2,-1,6,1
https://github.com/apache/commons-collections,ID,https://github.com/apache/commons-collections/pull/360,,2,-1,4,1
https://github.com/apache/cloudstack,ID,https://github.com/apache/cloudstack/pull/6967,,1,-1,1,1
https://github.com/apache/commons-collections,ID,https://github.com/apache/commons-collections/pull/189,,1,-1,5,3
https://github.com/apache/commons-collections,ID,https://github.com/apache/commons-collections/pull/428,https://issues.apache.org/jira/browse/COLLECTIONS-804,2,-1,1,1
https://github.com/apache/commons-collections,ID,https://github.com/apache/commons-collections/pull/429,,1,-1,22,18
https://github.com/apache/commons-collections,ID,https://github.com/apache/commons-collections/pull/190,,2,-1,14,4
https://github.com/apache/commons-jxpath,ID,https://github.com/apache/commons-jxpath/pull/205,,1,-1,3,3
https://github.com/apache/commons-collections,ID,https://github.com/apache/commons-collections/pull/426,https://issues.apache.org/jira/browse/COLLECTIONS-848,1,-1,6,4
https://github.com/apache/commons-lang,ID,https://github.com/apache/commons-lang/pull/1131,,2,-1,20,3
https://github.com/apache/curator,ID,https://github.com/apache/curator/pull/491,,1,-1,9,1
https://github.com/apache/commons-lang,ID,https://github.com/apache/commons-lang/pull/481,,1,-1,28,25
https://github.com/apache/commons-lang,ID,https://github.com/apache/commons-lang/pull/480,,1,-1,7,4
https://github.com/apache/commons-math,ID,https://github.com/apache/commons-math/pull/213,https://github.com/apache/commons-math/commit/50977290cdda79896ccb6304067341486fe104d2,2,-1,2,26
https://github.com/apache/cxf,ID,https://github.com/apache/cxf/pull/1542,,3,-1,2,2
https://github.com/apache/commons-math,ID,https://github.com/apache/commons-math/pull/162,,1,-1,1,1
https://github.com/apache/cxf,OD-Brit,https://github.com/apache/cxf/pull/942,,2,-1,1,1
https://github.com/apache/cxf,ID,https://github.com/apache/cxf/pull/1504,,2,-1,1,2
https://github.com/apache/cxf,ID,https://github.com/apache/cxf/pull/2147,,3,-1,23,4
https://github.com/apache/commons-math,ID,https://github.com/apache/commons-math/pull/163,,1,-1,4,1
https://github.com/apache/cxf,OD-Vic,https://github.com/apache/cxf/pull/1528,,4,-1,7,0
https://github.com/apache/cxf,ID,https://github.com/apache/cxf/pull/1517,,1,-1,2,1
https://github.com/apache/directory-scimple,ID,https://github.com/apache/directory-scimple/pull/201,https://github.com/apache/directory-scimple/pull/200,1,-1,16,11
https://github.com/apache/dolphinscheduler,ID,https://github.com/apache/dolphinscheduler/pull/13118,,2,-1,6,1
https://github.com/apache/druid,ID,https://github.com/apache/druid/pull/15374,,1,-1,1,1
https://github.com/apache/dolphinscheduler,ID,https://github.com/apache/dolphinscheduler/pull/6773,,4,-1,332,72
https://github.com/apache/druid,ID,https://github.com/apache/druid/pull/15418,,7,-1,58,52
https://github.com/apache/druid,ID,https://github.com/apache/druid/pull/15375,,1,-1,5,1
https://github.com/apache/druid,ID,https://github.com/apache/druid/pull/18690,,4,-1,23,4
https://github.com/apache/druid,ID,https://github.com/apache/druid/pull/15376,,1,-1,6,4
https://github.com/apache/druid,ID,https://github.com/apache/druid/pull/18617,https://github.com/apache/druid/issues/18611,1,-1,7,2
https://github.com/apache/druid,ID,https://github.com/apache/druid/pull/17325,https://github.com/TestingResearchIllinois/idoft/issues/739,1,-1,17,11
https://github.com/apache/druid,ID,https://github.com/apache/druid/pull/17500,,1,-1,17,11
https://github.com/apache/druid,ID,https://github.com/apache/druid/pull/15261,,1,-1,27,15
https://github.com/apache/druid,ID,https://github.com/apache/druid/pull/18621,,4,-1,2,0
https://github.com/apache/druid,ID,https://github.com/apache/druid/pull/15244,,10,-1,27,9
https://github.com/apache/druid,ID,https://github.com/apache/druid/pull/18627,,1,-1,10,4
https://github.com/apache/druid,ID,https://github.com/apache/druid/pull/18734,,2,-1,25,3
https://github.com/apache/druid,ID,https://github.com/apache/druid/pull/15364,,1,-1,5,6
https://github.com/apache/druid,ID,https://github.com/apache/druid/pull/15207,,4,-1,4,1
https://github.com/apache/druid,ID,https://github.com/apache/druid/pull/15318,,1,-1,3,2
https://github.com/apache/druid,ID,https://github.com/apache/druid/pull/13473,https://github.com/apache/druid/issues/13472,1,-1,2,1
https://github.com/apache/dubbo,OD-Vic,https://github.com/apache/dubbo/pull/9987,,2,-1,6,0
https://github.com/apache/druid,ID,https://github.com/apache/druid/pull/17264,,3,-1,5,2
https://github.com/apache/druid,ID,https://github.com/apache/druid/pull/17461,,1,-1,3,0
https://github.com/apache/druid,ID,https://github.com/apache/druid/pull/18691,,5,-1,16,4
https://github.com/apache/druid,ID,https://github.com/apache/druid/pull/15317,,5,-1,4,2
https://github.com/apache/dubbo,OD-Vic,https://github.com/apache/dubbo/pull/15744,,1,-1,18,4
https://github.com/apache/dubbo,ID,https://github.com/apache/dubbo/pull/15683,Rejected https://github.com/apache/dubbo/pull/6978,11,-1,10,3
https://github.com/apache/dubbo,NIO,https://github.com/apache/dubbo/pull/6953,,1,-1,4,0
https://github.com/apache/dubbo,NIO,https://github.com/apache/dubbo/pull/8467,,1,-1,2,0
https://github.com/apache/dubbo,OD-Vic,https://github.com/apache/dubbo/pull/2815,,1,-1,6,0
https://github.com/apache/dubbo,OD-Vic,https://github.com/apache/dubbo/pull/13361,https://github.com/apache/dubbo/issues/13359,2,-1,1,1
https://github.com/apache/dubbo,OD,https://github.com/apache/dubbo/pull/14896,https://github.com/TestingResearchIllinois/idoft/issues/5,5,-1,11,15
https://github.com/apache/dubbo,ID,https://github.com/apache/dubbo/pull/15757,,1,-1,7,5
https://github.com/apache/dubbo,ID,https://github.com/apache/dubbo/pull/9123,,1,-1,24,10
https://github.com/apache/dubbo,ID,https://github.com/apache/dubbo/pull/9240,,2,-1,25,15
https://github.com/apache/dubbo,ID,https://github.com/apache/dubbo/pull/11115,,1,-1,1,1
https://github.com/apache/dubbo,OD,https://github.com/apache/dubbo/pull/14900,https://github.com/TestingResearchIllinois/idoft/issues/5,4,-1,7,5
https://github.com/apache/dubbo,ID,https://github.com/apache/dubbo/pull/15793,,1,-1,9,0
https://github.com/apache/dubbo,ID,https://github.com/apache/dubbo/pull/15791,,1,-1,4,0
https://github.com/apache/dubbo,ID,https://github.com/apache/dubbo/pull/15792,,1,-1,4,0
https://github.com/apache/dubbo,ID,https://github.com/apache/dubbo/pull/15758,,1,-1,14,5
https://github.com/apache/dubbo,ID,https://github.com/apache/dubbo/pull/15782,,1,-1,4,0
https://github.com/apache/dubbo,ID,https://github.com/apache/dubbo/pull/15790,,1,-1,4,0
https://github.com/apache/dubbo,ID,https://github.com/apache/dubbo/pull/15746,,2,-1,8,6
https://github.com/apache/dubbo,ID,https://github.com/apache/dubbo/pull/15789,,1,-1,4,1
https://github.com/apache/dubbo,ID,https://github.com/apache/dubbo/pull/15787,,1,-1,4,0
https://github.com/apache/dubbo,NIO,https://github.com/apache/dubbo/pull/7108,,1,-1,1,0
https://github.com/apache/dubbo,ID,https://github.com/apache/dubbo/pull/15766,,2,-1,5,3
https://github.com/apache/dubbo,ID,https://github.com/apache/dubbo/pull/15785,,1,-1,7,1
https://github.com/apache/dubbo,ID,https://github.com/apache/dubbo/pull/15834,,1,-1,49,1
https://github.com/apache/dubbo,ID,https://github.com/apache/dubbo/pull/15841,,1,-1,15,5
https://github.com/apache/dubbo,ID,https://github.com/apache/dubbo/pull/15835,,1,-1,25,1
https://github.com/apache/dubbo,ID,https://github.com/apache/dubbo/pull/15846,,1,-1,16,1
https://github.com/apache/dubbo,ID,https://github.com/apache/dubbo/pull/15819,,3,-1,14,0
https://github.com/apache/dubbo,ID,https://github.com/apache/dubbo/pull/15845,,1,-1,24,5
https://github.com/apache/dubbo,ID,https://github.com/apache/dubbo/pull/15844,,1,-1,29,1
https://github.com/apache/dubbo,ID,https://github.com/apache/dubbo/pull/15778,,1,-1,5,0
https://github.com/apache/dubbo,ID,https://github.com/apache/dubbo/pull/15828,,2,-1,29,0
https://github.com/apache/dubbo,ID,https://github.com/apache/dubbo/pull/15833,,1,-1,50,0
https://github.com/apache/dubbo,ID,https://github.com/apache/dubbo/pull/15840,,1,-1,25,2
https://github.com/apache/dubbo,ID,https://github.com/apache/dubbo/pull/15794,,1,-1,12,0
https://github.com/apache/dubbo,ID,https://github.com/apache/dubbo/pull/15848,,1,-1,10,2
https://github.com/apache/dubbo,ID,https://github.com/apache/dubbo/pull/15759,,1,-1,14,10
https://github.com/apache/dubbo,UD,https://github.com/apache/dubbo/pull/15776,,1,-1,34,3
https://github.com/apache/dubbo,OD,https://github.com/apache/dubbo/pull/3849,,1,-1,4,4
https://github.com/apache/dubbo,NIO,https://github.com/apache/dubbo/pull/6993,,1,-1,2,0
https://github.com/apache/dubbo,NIO;OD-Vic,https://github.com/apache/dubbo/pull/2807,,1,-1,17,0
https://github.com/apache/dubbo,NIO,https://github.com/apache/dubbo/pull/8401,,1,-1,1,0
https://github.com/apache/dubbo,ID,https://github.com/apache/dubbo/pull/15849,,1,-1,4,2
https://github.com/apache/dubbo,OD-Brit,https://github.com/apache/dubbo/pull/2797,,2,-1,10,4
https://github.com/apache/dubbo,OD-Vic,https://github.com/apache/dubbo/pull/2755,,1,-1,7,0
https://github.com/apache/dubbo,ID,https://github.com/apache/dubbo/pull/15777,,1,-1,43,32
https://github.com/apache/dubbo,OD-Vic,https://github.com/apache/dubbo/pull/2906,,1,-1,27,0
https://github.com/apache/dubbo,OD-Vic,https://github.com/apache/dubbo/pull/6314,,1,-1,1,0
https://github.com/apache/dubbo,NIO,https://github.com/apache/dubbo/pull/6997,,1,-1,1,0
https://github.com/apache/dubbo-admin,ID,https://github.com/apache/dubbo-admin/pull/883,,2,-1,2,2
https://github.com/apache/flink,ID,https://github.com/apache/flink/pull/11181,,1,-1,0,19
https://github.com/apache/flink,ID,https://github.com/apache/flink/pull/21151,,5,-1,20,20
https://github.com/apache/flink,ID,https://github.com/apache/flink/pull/21183,,1,-1,1,1
https://github.com/apache/flink,ID,https://github.com/apache/flink/pull/17824,,1,-1,4,3
https://github.com/apache/flink,ID,https://github.com/apache/flink/pull/11269,,1,-1,2,2
https://github.com/apache/flink,ID,https://github.com/apache/flink/pull/23298,Merged commit from PR but did not merge PR,1,-1,16,2
https://github.com/apache/flink,ID,https://github.com/apache/flink/pull/11187,,6,-1,24,8
https://github.com/apache/flink,ID,https://github.com/apache/flink/pull/11052,,1,-1,4,3
https://github.com/apache/flink,ID,https://github.com/apache/flink/pull/25454,,2,-1,28,2
https://github.com/apache/flink,ID,https://github.com/apache/flink/pull/11266,,1,-1,2,1
https://github.com/apache/flink,ID,https://github.com/apache/flink/pull/11301,,1,-1,4,2
https://github.com/apache/flink,ID,https://github.com/apache/flink/pull/11286,,1,-1,2,1
https://github.com/apache/flink,ID,https://github.com/apache/flink/pull/25486,,1,-1,18,18
https://github.com/apache/flink,ID,https://github.com/apache/flink/pull/25471,,3,-1,9,1
https://github.com/apache/flink,ID,https://github.com/apache/flink/pull/11287,,1,-1,2,1
https://github.com/apache/flink,ID,https://github.com/apache/flink/pull/11268,,1,-1,2,2
https://github.com/apache/flink,ID,https://github.com/apache/flink/pull/17934,,1,-1,3,4
https://github.com/apache/fory,ID,https://github.com/apache/fory/pull/2692,,2,-1,2,1
https://github.com/apache/fory,ID,https://github.com/apache/fory/pull/2738,,1,-1,1,1
https://github.com/apache/fory,ID,https://github.com/apache/fory/pull/2693,,2,-1,1,1
https://github.com/apache/fory,ID,https://github.com/apache/fory/pull/2739,,1,-1,2,2
https://github.com/apache/fory,ID,https://github.com/apache/fory/pull/2790,,1,-1,49,5
https://github.com/apache/fury,ID,https://github.com/apache/fury/pull/1968,,3,-1,8,2
https://github.com/apache/gora,ID,https://github.com/apache/gora/pull/301,,1,-1,88,0
https://github.com/apache/gora,ID,https://github.com/apache/gora/pull/302,,1,-1,54,1
https://github.com/apache/gora,ID,https://github.com/apache/gora/pull/303,,1,-1,48,0
https://github.com/apache/gora,ID,https://github.com/apache/gora/pull/298,,1,-1,30,1
https://github.com/apache/gora,ID,https://github.com/apache/gora/pull/299,,1,-1,33,0
https://github.com/apache/gora,ID,https://github.com/apache/gora/pull/305,,1,-1,143,0
https://github.com/apache/gora,NOD,https://github.com/apache/gora/pull/307,,1,-1,74,7
https://github.com/apache/gora,ID,https://github.com/apache/gora/pull/300,,1,-1,30,0
https://github.com/apache/gora,ID,https://github.com/apache/gora/pull/304,,1,-1,65,0
https://github.com/apache/gora,ID,https://github.com/apache/gora/pull/306,,1,-1,151,0
https://github.com/apache/gora,NOD,https://github.com/apache/gora/pull/309,,1,-1,50,23
https://github.com/apache/gora,ID,https://github.com/apache/gora/pull/295,,1,-1,7,2
https://github.com/apache/gora,NOD,https://github.com/apache/gora/pull/308,,1,-1,27,10
https://github.com/apache/gora,NOD,https://github.com/apache/gora/pull/296,,2,-1,20,12
https://github.com/apache/hadoop,OD-Vic,https://github.com/apache/hadoop/pull/6329,,6,-1,6,0
https://github.com/apache/hadoop,ID,https://github.com/apache/hadoop/pull/8009,,2,-1,9,4
https://github.com/apache/hadoop,NIO;OD-Vic,https://github.com/apache/hadoop/pull/2724,,3,-1,4,2
https://github.com/apache/hadoop,NIO;OD,https://github.com/apache/hadoop/pull/2482,,1,-1,2,0
https://github.com/apache/hadoop,NIO,https://github.com/apache/hadoop/pull/2968,,1,-1,8,0
https://github.com/apache/hadoop,NIO,https://github.com/apache/hadoop/pull/2500,,2,-1,6,0
https://github.com/apache/hadoop,ID,https://github.com/apache/hadoop/pull/5085,,1,-1,10,2
https://github.com/apache/hadoop,NIO,https://github.com/apache/hadoop/pull/2499,,1,-1,1,0
https://github.com/apache/hadoop,ID,https://github.com/apache/hadoop/pull/8134,,1,-1,171,220
https://github.com/apache/hadoop,NIO;OD-Vic,https://github.com/apache/hadoop/pull/3298,,1,-1,1,0
https://github.com/apache/hadoop,ID,https://github.com/apache/hadoop/pull/6215,,1,-1,12,2
https://github.com/apache/hadoop,ID,https://github.com/apache/hadoop/pull/8010,,2,-1,59,122
https://github.com/apache/hadoop,ID,https://github.com/apache/hadoop/pull/1868,,1,-1,9,1
https://github.com/apache/hadoop,NIO;OD-Vic,https://github.com/apache/hadoop/pull/3300,,1,-1,1,0
https://github.com/apache/hadoop,OD,https://github.com/apache/hadoop/pull/3656,,1,-1,2,0
https://github.com/apache/hadoop,ID,https://github.com/apache/hadoop/pull/6252,,1,-1,15,5
https://github.com/apache/hadoop,OD,https://github.com/apache/hadoop/pull/8083,,1,-1,18,0
https://github.com/apache/hadoop,OD,https://github.com/apache/hadoop/pull/438,,1,-1,4,2
https://github.com/apache/hadoop,ID,https://github.com/apache/hadoop/pull/1835,,1,-1,2,1
https://github.com/apache/hadoop,OD,https://github.com/apache/hadoop/pull/8133,,1,-1,16,1
https://github.com/apache/hbase,ID,https://github.com/apache/hbase/pull/4876,,4,-1,14,1
https://github.com/apache/hadoop,OD,https://github.com/apache/hadoop/pull/8045,,1,-1,22,22
https://github.com/apache/hbase,NIO,https://github.com/apache/hbase/pull/3644,,5,-1,9,1
https://github.com/apache/hadoop,OD,https://github.com/apache/hadoop/pull/8049,,1,-1,2,0
https://github.com/apache/hbase,ID,https://github.com/apache/hbase/pull/2740,,3,-1,11,1
https://github.com/apache/helix,ID,https://github.com/apache/helix/pull/2666,,1,-1,9,3
https://github.com/apache/hbase,NIO,https://github.com/apache/hbase/pull/3615,,1,-1,6,0
https://github.com/apache/hbase,NIO,https://github.com/apache/hbase/pull/2984,,2,-1,2,0
https://github.com/apache/helix,ID,https://github.com/apache/helix/pull/2297,,4,-1,5,5
https://github.com/apache/helix,ID,https://github.com/apache/helix/pull/2665,,1,-1,6,2
https://github.com/apache/helix,ID,https://github.com/apache/helix/pull/2663,,1,-1,19,27
https://github.com/apache/helix,ID,https://github.com/apache/helix/pull/2682,,1,-1,5,2
https://github.com/apache/helix,ID,https://github.com/apache/helix/pull/2664,,1,-1,4,2
https://github.com/apache/hive,ID,https://github.com/apache/hive/pull/6107,,1,-1,5,4
https://github.com/apache/hive,ID,https://github.com/apache/hive/pull/1024,,1,-1,2,0
https://github.com/apache/hive,ID,https://github.com/apache/hive/pull/4900,,1,-1,28,5
https://github.com/apache/hive,ID,https://github.com/apache/hive/pull/923,,1,-1,7,0
https://github.com/apache/hive,ID,https://github.com/apache/hive/pull/5553,,1,-1,6,0
https://github.com/apache/hive,ID,https://github.com/apache/hive/pull/929,,1,-1,2,1
https://github.com/apache/hop,ID,https://github.com/apache/hop/pull/3401,,1,-1,15,13
https://github.com/apache/hive,ID,https://github.com/apache/hive/pull/5527,,4,-1,25,0
https://github.com/apache/hive,ID,https://github.com/apache/hive/pull/3735,,1,-1,12,0
https://github.com/apache/hop,ID,https://github.com/apache/hop/pull/3422,,1,-1,3,3
https://github.com/apache/hive,ID,https://github.com/apache/hive/pull/2719,,1,-1,6,4
https://github.com/apache/hop,ID,https://github.com/apache/hop/pull/3421,,1,-1,16,2
https://github.com/apache/hive,ID,https://github.com/apache/hive/pull/4798,,1,-1,20,17
https://github.com/apache/hop,ID,https://github.com/apache/hop/pull/3463,,1,-1,37,40
https://github.com/apache/hop,ID,https://github.com/apache/hop/pull/3443,,1,-1,2,0
https://github.com/apache/ignite-3,ID,https://github.com/apache/ignite-3/pull/1312,,2,-1,5,4
https://github.com/apache/ignite-3,ID,https://github.com/apache/ignite-3/pull/888,The PR was closed but the commit https://github.com/apache/ignite-3/commit/81851d38f6197ea414552148d9db372c09b43eb8 was added to the main branch of the repository,16,-1,5,4
https://github.com/apache/incubator-kie-optaplanner,ID,https://github.com/apache/incubator-kie-optaplanner/pull/3188,,1,-1,16,1
https://github.com/apache/incubator-kie-drools,ID,https://github.com/apache/incubator-kie-drools/pull/6473,Was DeveloperWontFix https://github.com/apache/incubator-kie-drools/pull/6119,3,-1,5,2
https://github.com/apache/incubator-hugegraph-toolchain,ID,https://github.com/apache/incubator-hugegraph-toolchain/pull/398,,1,-1,11,6
https://github.com/apache/incubator-kie-drools,ID,https://github.com/apache/incubator-kie-drools/pull/5610,,1,-1,2,1
https://github.com/apache/incubator-kie-optaplanner,ID,https://github.com/apache/incubator-kie-optaplanner/pull/3187,,1,-1,3,1
https://github.com/apache/incubator-kie-drools,ID,https://github.com/apache/incubator-kie-drools/pull/6187,,1,-1,2,2
https://github.com/apache/incubator-kie-optaplanner,ID,https://github.com/apache/incubator-kie-optaplanner/pull/3186,,1,-1,6,2
https://github.com/apache/incubator-seata,ID,https://github.com/apache/incubator-seata/pull/7800,,2,-1,31,8
https://github.com/apache/incubator-seata,OD,https://github.com/apache/incubator-seata/pull/7819,,6,-1,4,0
https://github.com/apache/incubator-seata,ID,https://github.com/apache/incubator-seata/pull/7859,,2,-1,13,3
https://github.com/apache/incubator-seata,OD,https://github.com/apache/incubator-seata/pull/7815,,7,-1,7,7
https://github.com/apache/incubator-seata,ID,https://github.com/apache/incubator-seata/pull/7801,,4,-1,11,1
https://github.com/apache/incubator-ratis,OD,https://github.com/apache/incubator-ratis/pull/321,https://github.com/TestingResearchIllinois/flaky-test-dataset/issues/48,2,-1,7,3
https://github.com/apache/incubator-seata,ID,https://github.com/apache/incubator-seata/pull/7802,,1,-1,42,12
https://github.com/apache/incubator-seata,ID,https://github.com/apache/incubator-seata/pull/7858,,1,-1,10,4
https://github.com/apache/incubator-seata,ID,https://github.com/apache/incubator-seata/pull/7803,,3,-1,4,2
https://github.com/apache/incubator-seata,ID,https://github.com/apache/incubator-seata/pull/7827,,1,-1,5,2
https://github.com/apache/iotdb,ID,https://github.com/apache/iotdb/pull/14020,,1,-1,26,14
https://github.com/apache/incubator-shardingsphere,ID,https://github.com/apache/incubator-shardingsphere/pull/3164,,1,-1,6,3
https://github.com/apache/incubator-shenyu,ID,https://github.com/apache/incubator-shenyu/pull/3005,,1,-1,10,2
https://github.com/apache/iotdb,ID,https://github.com/apache/iotdb/pull/4380,,2,-1,6,3
https://github.com/apache/incubator-shardingsphere,ID,https://github.com/apache/incubator-shardingsphere/pull/3072,,1,-1,2,1
https://github.com/apache/incubator-shardingsphere,ID,https://github.com/apache/incubator-shardingsphere/pull/3109,,1,-1,4,4
https://github.com/apache/incubator-streampipes,ID,https://github.com/apache/incubator-streampipes/pull/59,,1,-1,3,13
https://github.com/apache/iotdb,ID,https://github.com/apache/iotdb/pull/13981,,2,-1,54,3
https://github.com/apache/iotdb,ID,https://github.com/apache/iotdb/pull/16538,,1,-1,71,67
https://github.com/apache/iotdb,ID,https://github.com/apache/iotdb/pull/16537,,1,-1,4,3
https://github.com/apache/iotdb,ID,https://github.com/apache/iotdb/pull/13982,,1,-1,14,1
https://github.com/apache/incubator-seata,ID,https://github.com/apache/incubator-seata/pull/7808,,2,-1,42,85
https://github.com/apache/iotdb,ID,https://github.com/apache/iotdb/pull/14019,,1,-1,7,2
https://github.com/apache/iotdb,ID,https://github.com/apache/iotdb/pull/13996,,1,-1,7,3
https://github.com/apache/iotdb,ID,https://github.com/apache/iotdb/pull/16564,,1,-1,32,14
https://github.com/apache/iotdb,ID,https://github.com/apache/iotdb/pull/14170,,1,-1,3,1
https://github.com/apache/iotdb,ID,https://github.com/apache/iotdb/pull/16611,,1,-1,55,14
https://github.com/apache/iotdb,ID,https://github.com/apache/iotdb/pull/16613,,1,-1,64,25
https://github.com/apache/iotdb,ID,https://github.com/apache/iotdb/pull/16566,,2,-1,48,20
https://github.com/apache/iotdb,ID,https://github.com/apache/iotdb/pull/16612,,1,-1,22,5
https://github.com/apache/iotdb,ID,https://github.com/apache/iotdb/pull/16615,,1,-1,25,54
https://github.com/apache/iotdb,ID,https://github.com/apache/iotdb/pull/16614,,1,-1,37,35
https://github.com/apache/iotdb,ID,https://github.com/apache/iotdb/pull/16616,,1,-1,16,2
https://github.com/apache/iotdb,ID,https://github.com/apache/iotdb/pull/16658,,1,-1,164,93
https://github.com/apache/iotdb,ID,https://github.com/apache/iotdb/pull/16594,,4,-1,40,19
https://github.com/apache/iotdb,ID,https://github.com/apache/iotdb/pull/13961,,1,-1,2,1
https://github.com/apache/iotdb,ID,https://github.com/apache/iotdb/pull/16661,,1,-1,49,17
https://github.com/apache/iotdb,ID,https://github.com/apache/iotdb/pull/16653,,1,-1,55,11
https://github.com/apache/iotdb,ID,https://github.com/apache/iotdb/pull/16721,,2,-1,87,53
https://github.com/apache/iotdb,ID,https://github.com/apache/iotdb/pull/5564,,4,-1,18,6
https://github.com/apache/iotdb,ID,https://github.com/apache/iotdb/pull/14099,,2,-1,9,2
https://github.com/apache/iotdb,ID,https://github.com/apache/iotdb/pull/16688,,2,-1,301,434
https://github.com/apache/iotdb,ID,https://github.com/apache/iotdb/pull/16735,,1,-1,10,10
https://github.com/apache/iotdb,ID,https://github.com/apache/iotdb/pull/4383,,4,-1,2,1
https://github.com/apache/iotdb,ID,https://github.com/apache/iotdb/pull/4459,,1,-1,2,1
https://github.com/apache/iotdb,ID,https://github.com/apache/iotdb/pull/4492,,1,-1,20,4
https://github.com/apache/iotdb,ID,https://github.com/apache/iotdb/pull/16884,,1,-1,7,3
https://github.com/apache/iotdb,ID,https://github.com/apache/iotdb/pull/16885,,1,-1,7,3
https://github.com/apache/jackrabbit-oak,ID,https://github.com/apache/jackrabbit-oak/pull/763,,1,-1,3,1
https://github.com/apache/jackrabbit-oak,ID,https://github.com/apache/jackrabbit-oak/pull/2588,,1,-1,4,1
https://github.com/apache/iotdb,ID,https://github.com/apache/iotdb/pull/5666,,2,-1,16,5
https://github.com/apache/jackrabbit-oak,ID,https://github.com/apache/jackrabbit-oak/pull/555,,2,-1,4,2
https://github.com/apache/jackrabbit-oak,OD,https://github.com/apache/jackrabbit-oak/pull/1220,,1,-1,11,1
https://github.com/apache/kylin,ID,https://github.com/apache/kylin/pull/1133,,1,-1,1,1
https://github.com/apache/karaf,OD,https://github.com/apache/karaf/pull/1792,,1,-1,1,1
https://github.com/apache/jackrabbit-oak,ID,https://github.com/apache/jackrabbit-oak/pull/433,https://github.com/TestingResearchIllinois/idoft/pull/465,6,-1,12,9
https://github.com/apache/logging-log4j2,NOD,https://github.com/apache/logging-log4j2/pull/3944,,2,-1,13,16
https://github.com/apache/kylin,ID,https://github.com/apache/kylin/pull/1119,,1,-1,3,2
https://github.com/apache/logging-log4j2,NOD,https://github.com/apache/logging-log4j2/pull/3957,,2,-1,29,15
https://github.com/apache/jena,ID,https://github.com/apache/jena/pull/2096,,1,-1,20,0
https://github.com/apache/linkis,ID,https://github.com/apache/linkis/pull/5005,,1,-1,2,1
https://github.com/apache/logging-log4j2,NOD,https://github.com/apache/logging-log4j2/pull/3946,,5,-1,13,14
https://github.com/apache/logging-log4j2,NOD,https://github.com/apache/logging-log4j2/pull/3956,,2,-1,14,17
https://github.com/apache/logging-log4j2,OD,https://github.com/apache/logging-log4j2/pull/3945,,2,-1,6,0
https://github.com/apache/jena,ID,https://github.com/apache/jena/pull/2097,https://github.com/apache/jena/pull/2098,4,-1,4,2
https://github.com/apache/maven-dependency-plugin,ID,https://github.com/apache/maven-dependency-plugin/pull/455,,1,-1,2,3
https://github.com/apache/maven-dependency-plugin,ID,https://github.com/apache/maven-dependency-plugin/pull/451,,2,-1,27,11
https://github.com/apache/maven-doxia,ID,https://github.com/apache/maven-doxia/pull/1017,,1,-1,65,54
https://github.com/apache/nifi,ID,https://github.com/apache/nifi/pull/5524,https://github.com/apache/nifi/commit/8171ecb2c1f9d2ea56f330dafd1df6e100f15413,2,-1,3,3
https://github.com/apache/myfaces-tobago,ID,https://github.com/apache/myfaces-tobago/pull/5703,,2,-1,6,5
https://github.com/apache/nifi,ID,https://github.com/apache/nifi/pull/6486,,2,-1,13,11
https://github.com/apache/myfaces,ID,https://github.com/apache/myfaces/pull/652,,1,-1,2,2
https://github.com/apache/nifi,ID,https://github.com/apache/nifi/pull/6515,,7,-1,2,0
https://github.com/apache/nifi,ID,https://github.com/apache/nifi/pull/5572,issue: https://issues.apache.org/jira/browse/NIFI-9417; merged SHA: https://github.com/apache/nifi/commit/c1bb0c0c3421136b045a66415be9b17947952492,1,-1,5,5
https://github.com/apache/nifi,ID,https://github.com/apache/nifi/pull/6632,,1,-1,1,2
https://github.com/apache/nifi,ID,https://github.com/apache/nifi/pull/5758,the PR itself was rejected but the commit  https://github.com/apache/nifi/commit/22b47ccc7b8af2a432ac46e893388da1afefa611 was added,1,-1,6,5
https://github.com/apache/nifi,ID,https://github.com/apache/nifi/pull/6596,,2,-1,17,17
https://github.com/apache/nifi,ID,https://github.com/apache/nifi/pull/6516,the original PR is closed but changes are committed https://github.com/apache/nifi/commit/a5d93d96a30b3af73146e4b3c2a36a86332bb774,2,-1,1,2
https://github.com/apache/nifi,ID,https://github.com/apache/nifi/pull/6633,,2,-1,5,3
https://github.com/apache/nifi,ID,https://github.com/apache/nifi/pull/6726,,2,-1,5,5
https://github.com/apache/nifi,ID,https://github.com/apache/nifi/pull/6639,,1,-1,4,3
https://github.com/apache/nifi,ID,https://github.com/apache/nifi/pull/6569,,2,-1,10,1
https://github.com/apache/nifi,ID,https://github.com/apache/nifi/pull/6629,,2,-1,16,7
https://github.com/apache/nifi,ID,https://github.com/apache/nifi/pull/6672,,5,-1,3,2
https://github.com/apache/nifi,ID,https://github.com/apache/nifi/pull/10508,,1,-1,16,0
https://github.com/apache/nifi,ID,https://github.com/apache/nifi/pull/6757,,8,-1,13,2
https://github.com/apache/nifi,ID,https://github.com/apache/nifi/pull/6525,,1,-1,12,2
https://github.com/apache/nifi,ID,https://github.com/apache/nifi/pull/5845,,13,-1,27,10
https://github.com/apache/nifi,ID,https://github.com/apache/nifi/pull/5996,,3,-1,3,1
https://github.com/apache/nifi,ID,https://github.com/apache/nifi/pull/6761,,1,-1,2,2
https://github.com/apache/nifi,ID,https://github.com/apache/nifi/pull/6776,,9,-1,14,3
https://github.com/apache/nifi,ID,https://github.com/apache/nifi/pull/6718,,4,-1,18,6
https://github.com/apache/nifi,ID,https://github.com/apache/nifi/pull/6754,,1,-1,1,3
https://github.com/apache/nifi,ID,https://github.com/apache/nifi/pull/6727,,1,-1,2,2
https://github.com/apache/nifi,ID,https://github.com/apache/nifi/pull/6522,,3,-1,1,2
https://github.com/apache/nifi,ID,https://github.com/apache/nifi/pull/6528,,1,-1,1,1
https://github.com/apache/nifi,ID,https://github.com/apache/nifi/pull/10359,,1,-1,19,14
https://github.com/apache/nifi,ID,https://github.com/apache/nifi/pull/6700,,1,-1,2,1
https://github.com/apache/nifi,ID,https://github.com/apache/nifi/pull/6526,,3,-1,16,15
https://github.com/apache/nifi,ID,https://github.com/apache/nifi/pull/10325,,1,-1,1,1
https://github.com/apache/nifi,ID,https://github.com/apache/nifi/pull/6508,,5,-1,25,14
https://github.com/apache/nifi,ID,https://github.com/apache/nifi/pull/6507,,2,-1,11,3
https://github.com/apache/nifi,ID,https://github.com/apache/nifi/pull/5883,the PR itself was approved and closed but the commit https://github.com/apache/nifi/commit/8d5de6b292981818e81ffd6cb3b8773c710884ca was added,1,-1,9,6
https://github.com/apache/nifi,ID,https://github.com/apache/nifi/pull/6709,,1,-1,15,14
https://github.com/apache/olingo-odata2,ID,https://github.com/apache/olingo-odata2/pull/35,,1,-1,6,1
https://github.com/apache/opennlp,ID,https://github.com/apache/opennlp/pull/387,,3,-1,4,4
https://github.com/apache/opennlp,ID,https://github.com/apache/opennlp/pull/556,,1,-1,6,3
https://github.com/apache/pdfbox,ID,https://github.com/apache/pdfbox/pull/136,https://github.com/apache/pdfbox/commit/c1c910ad7f9bb7d2fd26e7e01e8c90bcc3910f36,1,-1,2,1
https://github.com/apache/pinot,ID,https://github.com/apache/pinot/pull/9939,,1,-1,2,2
https://github.com/apache/openwebbeans,ID,https://github.com/apache/openwebbeans/pull/53,https://github.com/TestingResearchIllinois/idoft/issues/561,1,-1,3,1
https://github.com/apache/openwebbeans,ID,https://github.com/apache/openwebbeans/pull/100,https://github.com/TestingResearchIllinois/idoft/issues/561,1,-1,12,1
https://github.com/apache/pinot,ID,https://github.com/apache/pinot/pull/11771,,4,-1,2,4
https://github.com/apache/pinot,ID,https://github.com/apache/pinot/pull/9928,,1,-1,2,2
https://github.com/apache/pinot,ID,https://github.com/apache/pinot/pull/12029,,2,-1,54,36
https://github.com/apache/pinot,ID,https://github.com/apache/pinot/pull/10445,https://github.com/apache/pinot/issues/10442,1,-1,4,4
https://github.com/apache/pinot,ID,https://github.com/apache/pinot/pull/12048,,1,-1,99,93
https://github.com/apache/pinot,ID,https://github.com/apache/pinot/pull/9966,,1,-1,6,5
https://github.com/apache/pinot,ID,https://github.com/apache/pinot/pull/11941,,2,-1,26,1
https://github.com/apache/pinot,ID,https://github.com/apache/pinot/pull/9925,,2,-1,7,17
https://github.com/apache/pulsar,ID,https://github.com/apache/pulsar/pull/6435,,1,-1,13,7
https://github.com/apache/pulsar,ID,https://github.com/apache/pulsar/pull/6247,,1,-1,18,4
https://github.com/apache/pulsar,NOD,https://github.com/apache/pulsar/pull/24972,,1,-1,69,68
https://github.com/apache/pinot,ID,https://github.com/apache/pinot/pull/12047,,2,-1,5,13
https://github.com/apache/pinot,ID,https://github.com/apache/pinot/pull/17377,Was very difficult to fix because rows were polluting each other due to bugs that were deep in the production code,1,-1,190,22
https://github.com/apache/pulsar,ID,https://github.com/apache/pulsar/pull/24807,,1,-1,47,2
https://github.com/apache/pulsar,ID,https://github.com/apache/pulsar/pull/24805,,1,-1,70,3
https://github.com/apache/pulsar,ID,https://github.com/apache/pulsar/pull/24969,,1,-1,7,4
https://github.com/apache/pulsar,ID,https://github.com/apache/pulsar/pull/24821,,1,-1,113,28
https://github.com/apache/pulsar,ID,https://github.com/apache/pulsar/pull/24871,,1,-1,2,2
https://github.com/apache/pulsar,ID,https://github.com/apache/pulsar/pull/24973,,1,-1,25,4
https://github.com/apache/pulsar,ID,https://github.com/apache/pulsar/pull/24835,,1,-1,7,3
https://github.com/apache/pulsar,ID,https://github.com/apache/pulsar/pull/24872,,1,-1,2,1
https://github.com/apache/pulsar,ID,https://github.com/apache/pulsar/pull/24877,Failed 6 assertions,1,-1,68,20
https://github.com/apache/seatunnel,ID,https://github.com/apache/seatunnel/pull/5894,,4,-1,24,21
https://github.com/apache/rocketmq,ID,https://github.com/apache/rocketmq/pull/7445,https://github.com/apache/rocketmq/commit/5d492c338258d07613103e6ae16df4c6fa5b3838,2,-1,48,35
https://github.com/apache/sedona,ID,https://github.com/apache/sedona/pull/1130,,3,-1,2,2
https://github.com/apache/servicecomb-java-chassis,ID,https://github.com/apache/servicecomb-java-chassis/pull/3501,,1,-1,14,7
https://github.com/apache/servicecomb-java-chassis,ID,https://github.com/apache/servicecomb-java-chassis/pull/4990,,1,-1,4,17
https://github.com/apache/servicecomb-java-chassis,ID,https://github.com/apache/servicecomb-java-chassis/pull/4635,,3,-1,15,12
https://github.com/apache/servicecomb-java-chassis,ID,https://github.com/apache/servicecomb-java-chassis/pull/4994,,1,-1,1,1
https://github.com/apache/servicecomb-java-chassis,ID,https://github.com/apache/servicecomb-java-chassis/pull/3393,,1,-1,4,4
https://github.com/apache/servicecomb-java-chassis,ID,https://github.com/apache/servicecomb-java-chassis/pull/4969,,1,-1,4,3
https://github.com/apache/servicecomb-java-chassis,ID,https://github.com/apache/servicecomb-java-chassis/pull/4633,,3,-1,18,4
https://github.com/apache/servicecomb-java-chassis,ID,https://github.com/apache/servicecomb-java-chassis/pull/4947,,1,-1,7,6
https://github.com/apache/servicecomb-java-chassis,ID,https://github.com/apache/servicecomb-java-chassis/pull/4971,,1,-1,15,4
https://github.com/apache/servicecomb-java-chassis,ID,https://github.com/apache/servicecomb-java-chassis/pull/3497,,1,-1,8,4
https://github.com/apache/servicecomb-java-chassis,OD,https://github.com/apache/servicecomb-java-chassis/pull/5018,,2,-1,31,6
https://github.com/apache/servicecomb-java-chassis,ID,https://github.com/apache/servicecomb-java-chassis/pull/4992,,1,-1,7,1
https://github.com/apache/servicecomb-java-chassis,ID,https://github.com/apache/servicecomb-java-chassis/pull/4984,previously rejected in https://github.com/apache/servicecomb-java-chassis/pull/4967,1,-1,16,3
https://github.com/apache/servicecomb-java-chassis,ID,https://github.com/apache/servicecomb-java-chassis/pull/3450,,1,-1,8,3
https://github.com/apache/servicecomb-java-chassis,ID,https://github.com/apache/servicecomb-java-chassis/pull/4988,,1,-1,5,3
https://github.com/apache/shardingsphere-elasticjob,OD-Vic,https://github.com/apache/shardingsphere-elasticjob/pull/636,,1,-1,2,0
https://github.com/apache/shardingsphere,ID,https://github.com/apache/shardingsphere/pull/22526,,1,-1,3,3
https://github.com/apache/shardingsphere-elasticjob,NIO,https://github.com/apache/shardingsphere-elasticjob/pull/1838,,2,-1,9,1
https://github.com/apache/shardingsphere-elasticjob,NIO,https://github.com/apache/shardingsphere-elasticjob/pull/1901,,1,-1,13,4
https://github.com/apache/shardingsphere-elasticjob,OD,https://github.com/apache/shardingsphere-elasticjob/pull/625,,1,-1,15,1
https://github.com/apache/shardingsphere-elasticjob,OD-Vic,https://github.com/apache/shardingsphere-elasticjob/pull/592,,1,-1,6,2
https://github.com/apache/shardingsphere-elasticjob,ID,https://github.com/apache/shardingsphere-elasticjob/pull/2486,https://github.com/apache/shardingsphere-elasticjob/issues/2485,2,-1,10,5
https://github.com/apache/shenyu,ID,https://github.com/apache/shenyu/pull/5241,,3,-1,4,1
https://github.com/apache/shenyu,ID,https://github.com/apache/shenyu/pull/6229,,2,-1,86,15
https://github.com/apache/shenyu,ID,https://github.com/apache/shenyu/pull/6246,,2,-1,3,3
https://github.com/apache/shenyu,ID,https://github.com/apache/shenyu/pull/6230, ,4,-1,3,1
https://github.com/apache/shenyu,ID,https://github.com/apache/shenyu/pull/4043,,6,-1,18,7
https://github.com/apache/shenyu,OD,https://github.com/apache/shenyu/pull/6261,,3,-1,4,1
https://github.com/apache/shenyu,OD,https://github.com/apache/shenyu/pull/6244,,2,-1,7,0
https://github.com/apache/skywalking,OD,https://github.com/apache/skywalking/pull/5846,,3,-1,2,0
https://github.com/apache/shiro,ID,https://github.com/apache/shiro/pull/1149,,1,-1,25,23
https://github.com/apache/skywalking-java,ID,https://github.com/apache/skywalking-java/pull/403,,3,-1,3,2
https://github.com/apache/sling-org-apache-sling-servlets-get,ID,https://github.com/apache/sling-org-apache-sling-servlets-get/pull/9,,6,-1,20,2
https://github.com/apache/shenyu,ID,https://github.com/apache/shenyu/pull/6232,https://github.com/apache/shenyu/pull/4040 was previously accepted but does not work any more,2,-1,12,5
https://github.com/apache/streampipes,ID,https://github.com/apache/streampipes/pull/4043,,1,-1,55,8
https://github.com/Apache/Struts,ID,https://github.com/apache/struts/pull/458,,1,-1,2,0
https://github.com/apache/streampipes,ID,https://github.com/apache/streampipes/pull/4030,,1,-1,11,2
https://github.com/apache/streampipes,ID,https://github.com/apache/streampipes/pull/4012,,1,-1,7,1
https://github.com/apache/streampipes,ID,https://github.com/apache/streampipes/pull/4018,,2,-1,11,2
https://github.com/Apache/Struts,ID,https://github.com/apache/struts/pull/457,,4,-1,17,1
https://github.com/apache/rocketmq-dashboard,ID,https://github.com/apache/rocketmq-dashboard/pull/120,,1,-1,3,1
https://github.com/Apache/Struts,ID,https://github.com/apache/struts/pull/455,,2,-1,7,2
https://github.com/Apache/Struts,OD-Vic,https://github.com/apache/struts/pull/263,,1,-1,2,0
https://github.com/Apache/Struts,ID,https://github.com/apache/struts/pull/500,,5,-1,19,11
https://github.com/apache/tez,ID,https://github.com/apache/tez/pull/316,,2,-1,6,4
https://github.com/apache/tika,ID,https://github.com/apache/tika/pull/1436,,1,-1,2,2
https://github.com/apache/tika,ID,https://github.com/apache/tika/pull/1476,https://github.com/apache/tika/commit/0bf30f0e653ff7262cd146cee6b0bfc81a6410ff,3,-1,26,5
https://github.com/apache/tika,ID,https://github.com/apache/tika/pull/845,,1,-1,6,2
https://github.com/Apache/Struts,ID,https://github.com/apache/struts/pull/506,,3,-1,10,8
https://github.com/apache/tika,ID,https://github.com/apache/tika/pull/2360,,1,-1,27,10
https://github.com/apache/tika,ID,https://github.com/apache/tika/pull/2368,,1,-1,34,16
https://github.com/apache/tinkerpop,ID,https://github.com/apache/tinkerpop/pull/2943,,1,-1,3,3
https://github.com/apache/tinkerpop,ID,https://github.com/apache/tinkerpop/pull/1658,,1,-1,42,49
https://github.com/apache/tinkerpop,ID,https://github.com/apache/tinkerpop/pull/2887,,3,-1,16,16
https://github.com/apache/tinkerpop,ID,https://github.com/apache/tinkerpop/pull/2820,,4,-1,27,3
https://github.com/apache/tinkerpop,ID,https://github.com/apache/tinkerpop/pull/1898,,1,-1,11,10
https://github.com/apolloconfig/apollo,ID,https://github.com/apolloconfig/apollo/pull/4311,,1,-1,2,1
https://github.com/apache/tinkerpop,ID,https://github.com/apache/tinkerpop/pull/3237,,1,-1,22,7
https://github.com/apache/tinkerpop,ID,https://github.com/apache/tinkerpop/pull/3221,,1,-1,8,6
https://github.com/apache/wicket,ID,https://github.com/apache/wicket/pull/707,,1,-1,3,3
https://github.com/apolloconfig/apollo,ID,https://github.com/apolloconfig/apollo/pull/4599,,5,-1,36,5
https://github.com/apache/shenyu,OD,https://github.com/apache/shenyu/pull/6245,,2,-1,9,1
https://github.com/apolloconfig/apollo,ID,https://github.com/apolloconfig/apollo/pull/4998,,2,-1,2,1
https://github.com/apolloconfig/apollo,ID,https://github.com/apolloconfig/apollo/pull/2918,,1,-1,7,5
https://github.com/apache/shenyu,OD,https://github.com/apache/shenyu/pull/4252,,4,-1,1,0
https://github.com/apolloconfig/apollo,ID,https://github.com/apolloconfig/apollo/pull/4618,,1,-1,2,1
https://github.com/apolloconfig/apollo,ID,https://github.com/apolloconfig/apollo/pull/4083,,2,-1,1,1
https://github.com/apolloconfig/apollo,ID,https://github.com/apolloconfig/apollo/pull/4314,,2,-1,5,4
https://github.com/apolloconfig/apollo,ID,https://github.com/apolloconfig/apollo/pull/4095,,4,-1,10,8
https://github.com/apolloconfig/apollo,ID,https://github.com/apolloconfig/apollo/pull/4082,,1,-1,1,1
https://github.com/apolloconfig/apollo-java,ID,https://github.com/apolloconfig/apollo-java/pull/44,,1,-1,4,3
https://github.com/AuthMe/AuthMeReloaded,ID,https://github.com/AuthMe/AuthMeReloaded/pull/2386,,1,-1,2,2
https://github.com/authorjapps/zerocode,ID,https://github.com/authorjapps/zerocode/pull/732,issue https://github.com/authorjapps/zerocode/issues/733,1,-1,29,4
https://github.com/atomashpolskiy/bt,ID,https://github.com/atomashpolskiy/bt/pull/253,,1,-1,7,4
https://github.com/arquillian/arquillian-core,ID,https://github.com/arquillian/arquillian-core/pull/764,,1,-1,9,1
https://github.com/authorjapps/zerocode,ID,https://github.com/authorjapps/zerocode/pull/684,,6,-1,2,2
https://github.com/authorjapps/zerocode,ID,https://github.com/authorjapps/zerocode/pull/691,,2,-1,12,6
https://github.com/authorjapps/zerocode,ID,https://github.com/authorjapps/zerocode/pull/709,,2,-1,31,24
https://github.com/awspring/spring-cloud-aws,ID,https://github.com/awspring/spring-cloud-aws/pull/1538,,1,-1,1,1
https://github.com/awspring/spring-cloud-aws,ID,https://github.com/awspring/spring-cloud-aws/pull/1537,,1,-1,7,5
https://github.com/aws/aws-dynamodb-encryption-java,ID,https://github.com/aws/aws-dynamodb-encryption-java/pull/274,,16,-1,11,5
https://github.com/awspring/spring-cloud-aws,ID,https://github.com/awspring/spring-cloud-aws/pull/1536,,1,-1,2,4
https://github.com/bbottema/simple-java-mail,ID,https://github.com/bbottema/simple-java-mail/pull/561,,1,-1,3,2
https://github.com/AxonFramework/AxonFramework,ID,https://github.com/AxonFramework/AxonFramework/pull/4021,,1,-1,2,2
https://github.com/AxonFramework/AxonFramework,ID,https://github.com/AxonFramework/AxonFramework/pull/3156,,3,-1,16,5
https://github.com/biojava/biojava,ID,https://github.com/biojava/biojava/pull/905,,4,-1,2,1
https://github.com/biojava/biojava,ID;NOD,https://github.com/biojava/biojava/pull/897,https://github.com/TestingResearchIllinois/flaky-test-dataset/issues/115,5,-1,2,1
https://github.com/AxonIQ/axon-server-se,ID,https://github.com/AxonIQ/axon-server-se/pull/689,,1,-1,8,5
https://github.com/AxonFramework/AxonFramework,ID,https://github.com/AxonFramework/AxonFramework/pull/3142,,2,-1,7,2
https://github.com/biojava/biojava,ID,https://github.com/biojava/biojava/pull/903,,1,-1,1,0
https://github.com/bonigarcia/webdrivermanager,ID,https://github.com/bonigarcia/webdrivermanager/pull/585,,8,-1,30,6
https://github.com/biojava/biojava,ID,https://github.com/biojava/biojava/pull/985,,1,-1,2,2
https://github.com/biojava/biojava,ID,https://github.com/biojava/biojava/pull/898,,4,-1,13,94
https://github.com/biojava/biojava,ID,https://github.com/biojava/biojava/pull/906,,1,-1,5,5
https://github.com/bpsm/edn-java,ID,https://github.com/bpsm/edn-java/pull/68,,1,-1,2,2
https://github.com/bytedeco/javacpp,ID,https://github.com/bytedeco/javacpp/pull/784,failed at setUpClass: https://github.com/bytedeco/javacpp/blob/b9e7080d2614fa8842bd3fb6d2759fb384628979/src/test/java/org/bytedeco/javacpp/BufferTest.java#L78,2,-1,4,4
https://github.com/castle/castle-java,ID,https://github.com/castle/castle-java/pull/107,,2,-1,50,16
https://github.com/braintree/braintree_java,ID,https://github.com/braintree/braintree_java/pull/99,,1,-1,2,2
https://github.com/BroadleafCommerce/BroadleafCommerce,ID,https://github.com/BroadleafCommerce/BroadleafCommerce/pull/2901,,2,-1,9,2
https://github.com/cerner/common-kafka,ID,https://github.com/cerner/common-kafka/pull/50,RepoArchived,3,-1,2,2
https://github.com/braintree/braintree_java,ID,https://github.com/braintree/braintree_java/pull/132,,2,-1,4,0
https://github.com/classgraph/classgraph,ID,https://github.com/classgraph/classgraph/pull/383,,1,-1,22,4
https://github.com/cerner/common-kafka,ID,https://github.com/cerner/common-kafka/pull/44,RepoArchived,1,-1,8,7
https://github.com/citerus/dddsample-core,ID,https://github.com/citerus/dddsample-core/pull/199,,1,-1,3,1
https://github.com/ConsenSys/tessera,OD,https://github.com/ConsenSys/tessera/pull/1194,https://github.com/TestingResearchIllinois/flaky-test-dataset/issues/42,5,-1,1,0
https://github.com/cucumber/cucumber-jvm,ID,https://github.com/cucumber/cucumber-jvm/pull/2939,,3,-1,21,12
https://github.com/cucumber/cucumber-jvm,ID,https://github.com/cucumber/cucumber-jvm/pull/2822,,3,-1,14,5
https://github.com/CloudSlang/cloud-slang,ID,https://github.com/CloudSlang/cloud-slang/pull/1382,,1,-1,3,1
https://github.com/ctco/cukes,OD-Vic,https://github.com/ctco/cukes/pull/157,,1,-1,1,0
https://github.com/CloudSlang/cloud-slang,OD,https://github.com/CloudSlang/cloud-slang/pull/1464,,1,-1,2,0
https://github.com/CloudSlang/cloud-slang,ID,https://github.com/CloudSlang/cloud-slang/pull/1383,,1,-1,5,4
https://github.com/CloudSlang/cloud-slang,ID,https://github.com/CloudSlang/cloud-slang/pull/1384,,1,-1,10,8
https://github.com/CloudSlang/cloud-slang,OD,https://github.com/CloudSlang/cloud-slang/pull/1462,https://github.com/TestingResearchIllinois/flaky-test-dataset/issues/79,1,-1,19,1
https://github.com/CloudSlang/cloud-slang,OD,https://github.com/CloudSlang/cloud-slang/pull/1466,https://github.com/TestingResearchIllinois/flaky-test-dataset/issues/79. The previous solution did not fully fix the problem because other pollution sources were present: https://github.com/CloudSlang/cloud-slang/pull/1427,1,-1,62,10
https://github.com/cucumber/cucumber-jvm,ID,https://github.com/cucumber/cucumber-jvm/pull/2940,,1,-1,2,2
https://github.com/DataDog/datadog-kafka-connect-logs,ID,https://github.com/DataDog/datadog-kafka-connect-logs/pull/28,,5,-1,16,4
https://github.com/ConsenSys/tessera,OD,https://github.com/ConsenSys/tessera/pull/1193,https://github.com/TestingResearchIllinois/flaky-test-dataset/issues/42,3,-1,1,3
https://github.com/DataDog/jmeter-datadog-backend-listener,ID,https://github.com/DataDog/jmeter-datadog-backend-listener/pull/33,,4,-1,5,2
https://github.com/DataDog/jmxfetch,ID,https://github.com/DataDog/jmxfetch/pull/541,,1,-1,24,10
https://github.com/dianping/cat,NOD,https://github.com/dianping/cat/pull/2320,,1,-1,10,6
https://github.com/dianping/cat,NOD,https://github.com/dianping/cat/pull/2323,,1,-1,19,13
https://github.com/dromara/hutool,ID,https://github.com/dromara/hutool/pull/3368,,3,-1,11,7
https://github.com/dromara/hutool,ID,https://github.com/dromara/hutool/pull/3377,,2,-1,8,1
https://github.com/dropwizard/dropwizard,ID,https://github.com/dropwizard/dropwizard/pull/3103,,1,-1,2,1
https://github.com/dromara/hertzbeat,ID,https://github.com/dromara/hertzbeat/pull/1373,https://github.com/TestingResearchIllinois/idoft/issues/1148,1,-1,3,3
https://github.com/dropwizard/dropwizard,ID,https://github.com/dropwizard/dropwizard/pull/6134,,6,-1,2,2
https://github.com/dropwizard/dropwizard,ID,https://github.com/dropwizard/dropwizard/pull/7629,,3,-1,9,10
https://github.com/dromara/hutool,ID,https://github.com/dromara/hutool/pull/2713,,1,-1,8,2
https://github.com/dromara/hutool,OD,https://github.com/dromara/hutool/pull/1851,,1,-1,2,0
https://github.com/dromara/hertzbeat,ID,https://github.com/dromara/hertzbeat/pull/1371,https://github.com/TestingResearchIllinois/idoft/issues/1148,1,-1,9,4
https://github.com/dromara/hutool,OD,https://github.com/dromara/hutool/pull/1883,,1,-1,2,1
https://github.com/dromara/hutool,ID,https://github.com/dromara/hutool/pull/3378,,1,-1,2,2
https://github.com/dromara/hutool,OD,https://github.com/dromara/hutool/pull/1874,,1,-1,2,1
https://github.com/dropwizard/dropwizard,ID,https://github.com/dropwizard/dropwizard/pull/3284,,1,-1,22,3
https://github.com/dropwizard/dropwizard,OD-Vic,https://github.com/dropwizard/dropwizard/pull/2550,,1,-1,2,0
https://github.com/eBay/mTracker,ID,https://github.com/eBay/mTracker/pull/14,,2,-1,3,1
https://github.com/dyc87112/SpringBoot-Learning,ID,https://github.com/dyc87112/SpringBoot-Learning/pull/98,,1,-1,2,2
https://github.com/eclipse-ee4j/jersey,ID,https://github.com/eclipse-ee4j/jersey/pull/5751,,2,-1,8,4
https://github.com/dropwizard/dropwizard,ID,https://github.com/dropwizard/dropwizard/pull/3582,,1,-1,1,1
https://github.com/eBay/mTracker,NIO,https://github.com/eBay/mTracker/pull/3,,4,-1,2,0
https://github.com/eBay/taxonomy-sdk,ID,https://github.com/eBay/taxonomy-sdk/pull/4,,1,-1,3,4
https://github.com/ebean-orm/ebean,ID,https://github.com/ebean-orm/ebean/pull/3496,,1,-1,1,1
https://github.com/eclipse-aas4j/aas4j,ID,https://github.com/eclipse-aas4j/aas4j/pull/434,,4,-1,25,0
https://github.com/eclipse-ee4j/jersey,ID,https://github.com/eclipse-ee4j/jersey/pull/5775,,3,-1,28,8
https://github.com/eclipse-ee4j/jersey,ID,https://github.com/eclipse-ee4j/jersey/pull/6022,,1,-1,57,21
https://github.com/eclipse-ee4j/jersey,ID,https://github.com/eclipse-ee4j/jersey/pull/5754,,3,-1,7,2
https://github.com/eclipse-ee4j/jersey,ID,https://github.com/eclipse-ee4j/jersey/pull/5768,,1,-1,9,2
https://github.com/eclipse-ee4j/jersey,ID,https://github.com/eclipse-ee4j/jersey/pull/5764,,1,-1,13,3
https://github.com/eclipse-ee4j/tyrus,NIO,https://github.com/eclipse-ee4j/tyrus/pull/725,,1,-1,2,1
https://github.com/eclipse-ee4j/tyrus,ID,https://github.com/eclipse-ee4j/tyrus/pull/736,,3,-1,2,2
https://github.com/EliasStar/JsonRpc4J,ID,https://github.com/EliasStar/JsonRpc4J/pull/8,,3,-1,29,18
https://github.com/eclipse-vertx/vert.x,ID,https://github.com/eclipse-vertx/vert.x/pull/4998,,1,-1,3,1
https://github.com/eclipse-vertx/vert.x,ID,https://github.com/eclipse-vertx/vert.x/pull/5735,,1,-1,4,1
https://github.com/Erudika/para,ID,https://github.com/Erudika/para/pull/83,,2,-1,3,1
https://github.com/Ericsson/ecchronos,ID,https://github.com/Ericsson/ecchronos/pull/294,,1,-1,2,2
https://github.com/Ericsson/ecchronos,ID,https://github.com/Ericsson/ecchronos/pull/244,,3,-1,3,3
https://github.com/epam/eco-schema-catalog,ID,https://github.com/epam/eco-schema-catalog/pull/42,https://github.com/TestingResearchIllinois/idoft/issues/577,1,-1,1,1
https://github.com/eclipse-vertx/vert.x,ID,https://github.com/eclipse-vertx/vert.x/pull/4975,,1,-1,1,1
https://github.com/EsotericSoftware/kryo,ID,https://github.com/EsotericSoftware/kryo/pull/1220,,3,-1,13,1
https://github.com/espertechinc/esper,ID,https://github.com/espertechinc/esper/pull/226,commit:https://github.com/espertechinc/esper/commit/eec1489df9a9c26b5ee27533ddaef48effa0734e,1,-1,2,1
https://github.com/EsotericSoftware/kryo,ID,https://github.com/EsotericSoftware/kryo/pull/1219,,2,-1,18,6
https://github.com/espertechinc/esper,ID,https://github.com/espertechinc/esper/pull/227,commit:https://github.com/espertechinc/esper/commit/cf8535af39ad50fd9cbb53cd90904796218039c8,1,-1,2,2
https://github.com/EsotericSoftware/kryo,ID,https://github.com/EsotericSoftware/kryo/pull/1227,,1,-1,1,1
https://github.com/espertechinc/esper,ID,https://github.com/espertechinc/esper/pull/280,,1,-1,2,2
https://github.com/espertechinc/esper,ID,https://github.com/espertechinc/esper/pull/282,,3,-1,23,0
https://github.com/espertechinc/esper,ID,https://github.com/espertechinc/esper/pull/279,,1,-1,143,17
https://github.com/espertechinc/esper,ID,https://github.com/espertechinc/esper/pull/248,commit:https://github.com/espertechinc/esper/commit/febd574d5fb1bab9ba7e109bacbcfbee325337a1,1,-1,3,3
https://github.com/everit-org/json-schema,ID,https://github.com/everit-org/json-schema/pull/516,,1,-1,10,3
https://github.com/espertechinc/esper,ID,https://github.com/espertechinc/esper/pull/296,,1,-1,8,2
https://github.com/fabiomaffioletti/jsondoc,ID,https://github.com/fabiomaffioletti/jsondoc/pull/261,,1,-1,2,2
https://github.com/everit-org/json-schema,ID,https://github.com/everit-org/json-schema/pull/500,,1,-1,6,2
https://github.com/FasterXML/jackson-databind,ID,https://github.com/FasterXML/jackson-databind/pull/2884,,8,-1,27,5
https://github.com/FasterXML/jackson-annotations,ID,https://github.com/FasterXML/jackson-annotations/pull/194,,3,-1,6,1
https://github.com/FasterXML/jackson-databind,OD,https://github.com/FasterXML/jackson-databind/pull/3315,,1,-1,1,1
https://github.com/facebook/facebook-java-business-sdk,ID,https://github.com/facebook/facebook-java-business-sdk/pull/440,,1,-1,6,4
https://github.com/FasterXML/jackson-databind,ID,https://github.com/FasterXML/jackson-databind/pull/5359,,3,-1,1,1
https://github.com/fabric8io/kubernetes-client,ID,https://github.com/fabric8io/kubernetes-client/pull/5633,,2,-1,38,18
https://github.com/facebook/facebook-java-business-sdk,ID,https://github.com/facebook/facebook-java-business-sdk/pull/360,,2,-1,11,5
https://github.com/facebook/facebook-java-business-sdk,ID,https://github.com/facebook/facebook-java-business-sdk/pull/359,,1,-1,5,1
https://github.com/FasterXML/jackson-databind,ID,https://github.com/FasterXML/jackson-databind/pull/3336,,2,-1,10,5
https://github.com/FasterXML/jackson-databind,ID,https://github.com/FasterXML/jackson-databind/pull/4227,,1,-1,2,2
https://github.com/FasterXML/jackson-databind,ID,https://github.com/FasterXML/jackson-databind/pull/5348,,1,-1,3,1
https://github.com/FasterXML/jackson-databind,ID,https://github.com/FasterXML/jackson-databind/pull/4232,,1,-1,6,1
https://github.com/FasterXML/jackson-dataformat-xml,OD,https://github.com/FasterXML/jackson-dataformat-xml/pull/499,,2,-1,13,1
https://github.com/FasterXML/jackson-databind,ID,https://github.com/FasterXML/jackson-databind/pull/4224,,3,-1,8,2
https://github.com/FasterXML/jackson-dataformat-xml,ID,https://github.com/FasterXML/jackson-dataformat-xml/pull/504,,1,-1,3,2
https://github.com/FasterXML/jackson-dataformats-binary,ID,https://github.com/FasterXML/jackson-dataformats-binary/pull/304,,1,-1,15,0
https://github.com/FasterXML/jackson-dataformat-xml,ID,https://github.com/FasterXML/jackson-dataformat-xml/pull/681,,1,-1,2,0
https://github.com/FasterXML/jackson-jaxrs-providers,ID,https://github.com/FasterXML/jackson-jaxrs-providers/pull/152,,7,-1,16,6
https://github.com/FasterXML/jackson-dataformats-text,ID,https://github.com/FasterXML/jackson-dataformats-text/pull/294,,1,-1,1,0
https://github.com/FasterXML/jackson-jaxrs-providers,ID,https://github.com/FasterXML/jackson-jaxrs-providers/pull/154,,1,-1,7,3
https://github.com/FasterXML/jackson-datatypes-collections,ID,https://github.com/FasterXML/jackson-datatypes-collections/pull/93,,1,-1,16,7
https://github.com/FasterXML/jackson-datatypes-collections,ID,https://github.com/FasterXML/jackson-datatypes-collections/pull/91,https://github.com/TestingResearchIllinois/idoft/issues/48,1,-1,17,2
https://github.com/FasterXML/jackson-dataformats-binary,ID,https://github.com/FasterXML/jackson-dataformats-binary/pull/620,,1,-1,2,3
https://github.com/FasterXML/jackson-jakarta-rs-providers,ID,https://github.com/FasterXML/jackson-jakarta-rs-providers/pull/22,,1,-1,4,0
https://github.com/FasterXML/jackson-module-jsonSchema,ID,https://github.com/FasterXML/jackson-module-jsonSchema/pull/144,,6,-1,28,17
https://github.com/FasterXML/jackson-module-jsonSchema,ID,https://github.com/FasterXML/jackson-module-jsonSchema/pull/145,,3,-1,5,3
https://github.com/FasterXML/java-classmate,ID,https://github.com/FasterXML/java-classmate/pull/68,,1,-1,20,6
https://github.com/FasterXML/jackson-modules-base,ID,https://github.com/FasterXML/jackson-modules-base/pull/156,,4,-1,34,7
https://github.com/FasterXML/jackson-modules-base,ID,https://github.com/FasterXML/jackson-modules-base/pull/149,,81,-1,21,7
https://github.com/fhoeben/hsac-fitnesse-fixtures,ID,https://github.com/fhoeben/hsac-fitnesse-fixtures/pull/360,,6,-1,67,51
https://github.com/fhoeben/hsac-fitnesse-fixtures,OD-Brit,https://github.com/fhoeben/hsac-fitnesse-fixtures/pull/293,,2,-1,3,2
https://github.com/flaxsearch/luwak,NDOD;OD-Brit;TD,https://github.com/flaxsearch/luwak/pull/193,,1,-1,1,1
https://github.com/flowable/flowable-engine,ID,https://github.com/flowable/flowable-engine/pull/2197,,1,-1,2,1
https://github.com/flowable/flowable-engine,ID,https://github.com/flowable/flowable-engine/pull/2147,,1,-1,72,81
https://github.com/flowable/flowable-engine,ID,https://github.com/flowable/flowable-engine/pull/2204,,1,-1,1,1
https://github.com/fluent/fluent-logger-java,ID,https://github.com/fluent/fluent-logger-java/pull/92,,1,-1,5,4
https://github.com/fromage/redpipe,ID,https://github.com/fromage/redpipe/pull/56,RepoArchived,2,-1,10,3
https://github.com/ferstl/depgraph-maven-plugin,ID,https://github.com/ferstl/depgraph-maven-plugin/pull/179,,1,-1,2,1
https://github.com/FudanNLP/fnlp,ID,https://github.com/FudanNLP/fnlp/pull/71,,3,-1,3,3
https://github.com/FudanNLP/fnlp,ID,https://github.com/FudanNLP/fnlp/pull/70,,1,-1,1,1
https://github.com/funkygao/cp-ddd-framework,ID,https://github.com/funkygao/cp-ddd-framework/pull/65,,1,-1,2,1
https://github.com/ferstl/depgraph-maven-plugin,ID,https://github.com/ferstl/depgraph-maven-plugin/pull/187,,1,-1,21,5
https://github.com/gchq/Gaffer,ID,https://github.com/gchq/Gaffer/pull/3327,,5,-1,22,8
https://github.com/gchq/Gaffer,ID,https://github.com/gchq/Gaffer/pull/3089,,2,-1,44,10
https://github.com/gchq/koryphe,ID,https://github.com/gchq/koryphe/pull/319,,3,-1,4,4
https://github.com/google/graphicsfuzz,ID,https://github.com/google/graphicsfuzz/pull/1203,,1,-1,16,8
https://github.com/gchq/Gaffer,ID,https://github.com/gchq/Gaffer/pull/3033,,4,-1,4,3
https://github.com/gchq/koryphe,ID,https://github.com/gchq/koryphe/pull/322,,2,-1,6,5
https://github.com/google/guava,ID,https://github.com/google/guava/pull/7387,Guava developers will not consider this fix until they actually observe failures caused by nondex randomization in normal testing scenarios (without nondex),3,-1,66,12
https://github.com/google/guava,ID,https://github.com/google/guava/pull/7425,,5,-1,42,20
https://github.com/google/guice,ID,https://github.com/google/guice/pull/1603,,1,-1,36,20
https://github.com/google/guava,ID,https://github.com/google/guava/pull/8035,,1,-1,1,1
https://github.com/google/guice,ID,https://github.com/google/guice/pull/1768,,3,-1,181,93
https://github.com/GoogleCloudPlatform/DataflowTemplates,ID,https://github.com/GoogleCloudPlatform/DataflowTemplates/pull/1986,,1,-1,3,3
https://github.com/GoogleCloudPlatform/DataflowTemplates,ID,https://github.com/GoogleCloudPlatform/DataflowTemplates/pull/1959,,1,-1,25,2
https://github.com/google/TestParameterInjector,ID,https://github.com/google/TestParameterInjector/pull/62,,1,-1,7,1
https://github.com/google/TestParameterInjector,ID,https://github.com/google/TestParameterInjector/pull/41,,1,-1,5,2
https://github.com/GoogleCloudPlatform/appengine-plugins-core,ID,https://github.com/GoogleCloudPlatform/appengine-plugins-core/pull/903,,1,-1,2,2
https://github.com/google/java-monitoring-client-library,OD-Vic,https://github.com/google/java-monitoring-client-library/pull/21,,1,-1,11,0
https://github.com/GoogleCloudPlatform/DataflowTemplates,ID,https://github.com/GoogleCloudPlatform/DataflowTemplates/pull/1176,https://github.com/GoogleCloudPlatform/DataflowTemplates/issues/1175,1,-1,4,2
https://github.com/GoogleCloudPlatform/DataflowTemplates,ID,https://github.com/GoogleCloudPlatform/DataflowTemplates/pull/1924,,1,-1,2,0
https://github.com/GoogleCloudPlatform/DataflowTemplates,ID,https://github.com/GoogleCloudPlatform/DataflowTemplates/pull/2902,,1,-1,44,4
https://github.com/GoogleCloudPlatform/spring-cloud-gcp,ID,https://github.com/GoogleCloudPlatform/spring-cloud-gcp/pull/4212,,1,-1,1,1
https://github.com/GoogleCloudPlatform/DataflowTemplates,ID,https://github.com/GoogleCloudPlatform/DataflowTemplates/pull/2898,,1,-1,9,5
https://github.com/GoogleCloudPlatform/DataflowTemplates,ID,https://github.com/GoogleCloudPlatform/DataflowTemplates/pull/2915,,1,-1,11,9
https://github.com/GoogleCloudPlatform/spring-cloud-gcp,ID,https://github.com/GoogleCloudPlatform/spring-cloud-gcp/pull/4214,,1,-1,6,7
https://github.com/GoogleCloudPlatform/spring-cloud-gcp,ID,https://github.com/GoogleCloudPlatform/spring-cloud-gcp/pull/4187,,2,-1,8,2
https://github.com/GoogleCloudPlatform/spring-cloud-gcp,ID,https://github.com/GoogleCloudPlatform/spring-cloud-gcp/pull/2340,,1,-1,4,1
https://github.com/GoogleCloudPlatform/spring-cloud-gcp,ID,https://github.com/GoogleCloudPlatform/spring-cloud-gcp/pull/4236,,1,-1,30,20
https://github.com/GoogleCloudPlatform/spring-cloud-gcp,ID,https://github.com/GoogleCloudPlatform/spring-cloud-gcp/pull/2341,,2,-1,24,9
https://github.com/graphhopper/graphhopper,ID,https://github.com/graphhopper/graphhopper/pull/2534,,3,-1,8,5
https://github.com/graphhopper/graphhopper,ID,https://github.com/graphhopper/graphhopper/pull/2899,,1,-1,2,2
https://github.com/GoogleCloudPlatform/spring-cloud-gcp,ID,https://github.com/GoogleCloudPlatform/spring-cloud-gcp/pull/4210,,1,-1,22,18
https://github.com/GoogleCloudPlatform/DataflowTemplates,ID,https://github.com/GoogleCloudPlatform/DataflowTemplates/pull/1919,,1,-1,2,0
https://github.com/graphhopper/graphhopper,ID,https://github.com/graphhopper/graphhopper/pull/2480,,2,-1,2,1
https://github.com/graphhopper/graphhopper,ID,https://github.com/graphhopper/graphhopper/pull/1941,,1,-1,2,2
https://github.com/Graylog2/graylog2-server,ID,https://github.com/Graylog2/graylog2-server/pull/6562,,1,-1,3,3
https://github.com/Graylog2/graylog2-server,ID,https://github.com/Graylog2/graylog2-server/pull/20740,,2,-1,1,1
https://github.com/Graylog2/graylog2-server,ID,https://github.com/Graylog2/graylog2-server/pull/7609,,1,-1,3,3
https://github.com/Graylog2/graylog2-server,ID,https://github.com/Graylog2/graylog2-server/pull/6908,,1,-1,28,12
https://github.com/graphhopper/graphhopper,ID,https://github.com/graphhopper/graphhopper/pull/1873,,1,-1,17,1
https://github.com/Graylog2/graylog2-server,ID,https://github.com/Graylog2/graylog2-server/pull/7446,,1,-1,6,1
https://github.com/Graylog2/graylog2-server,ID,https://github.com/Graylog2/graylog2-server/pull/7473,,1,-1,2,2
https://github.com/hapifhir/hapi-fhir,ID,https://github.com/hapifhir/hapi-fhir/pull/6399,,2,-1,28,8
https://github.com/Graylog2/graylog2-server,ID,https://github.com/Graylog2/graylog2-server/pull/8078,,1,-1,1,1
https://github.com/Graylog2/graylog2-server,ID,https://github.com/Graylog2/graylog2-server/pull/7595,,1,-1,3,3
https://github.com/Graylog2/graylog2-server,ID,https://github.com/Graylog2/graylog2-server/pull/7543,,1,-1,2,2
https://github.com/hapifhir/hapi-fhir,ID,https://github.com/hapifhir/hapi-fhir/pull/6544,,1,-1,6,6
https://github.com/hellokaton/30-seconds-of-java8,ID,https://github.com/hellokaton/30-seconds-of-java8/pull/5,,1,-1,1,1
https://github.com/haraldk/TwelveMonkeys,ID,https://github.com/haraldk/TwelveMonkeys/pull/831,https://github.com/haraldk/TwelveMonkeys/commit/be348543d8a41d4677f83e1c69988221527977a9,2,-1,0,0
https://github.com/hellokaton/30-seconds-of-java8,ID,https://github.com/hellokaton/30-seconds-of-java8/pull/6,,1,-1,1,1
https://github.com/hneemann/Digital,ID,https://github.com/hneemann/Digital/pull/870,,2,-1,9,4
https://github.com/hellokaton/30-seconds-of-java8,ID,https://github.com/hellokaton/30-seconds-of-java8/pull/18,https://github.com/TestingResearchIllinois/idoft/issues/1606,3,-1,1,1
https://github.com/hexagonframework/spring-data-ebean,OD-Brit,https://github.com/hexagonframework/spring-data-ebean/pull/8,,1,-1,1,0
https://github.com/hneemann/Digital,ID,https://github.com/hneemann/Digital/pull/858,,1,-1,12,0
https://github.com/hneemann/Digital,ID,https://github.com/hneemann/Digital/pull/866,,4,-1,8,1
https://github.com/hneemann/Digital,ID,https://github.com/hneemann/Digital/pull/876,,5,-1,21,12
https://github.com/Huawei/vCenter_Plugin_DME,ID,https://github.com/Huawei/vCenter_Plugin_DME/pull/1,,1,-1,10,8
https://github.com/hub4j/github-api,ID,https://github.com/hub4j/github-api/pull/1576,,3,-1,10,3
https://github.com/HubSpot/jinjava,ID,https://github.com/HubSpot/jinjava/pull/827,,5,-1,6,4
https://github.com/Huawei/vCenter_Plugin_DME,ID,https://github.com/Huawei/vCenter_Plugin_DME/pull/2,,1,-1,6,3
https://github.com/HubSpot/jinjava,ID,https://github.com/HubSpot/jinjava/pull/1133,,2,-1,14,13
https://github.com/HubSpot/Rosetta,ID,https://github.com/HubSpot/Rosetta/pull/86,https://github.com/HubSpot/Rosetta/pull/96,2,-1,20,14
https://github.com/HubSpot/Rosetta,ID,https://github.com/HubSpot/Rosetta/pull/82,https://github.com/HubSpot/Rosetta/pull/96,2,-1,55,40
https://github.com/HubSpot/Rosetta,ID,https://github.com/HubSpot/Rosetta/pull/89,https://github.com/HubSpot/Rosetta/pull/96,1,-1,2,0
https://github.com/IBM/og,ID,https://github.com/IBM/og/pull/36,RepoArchived,1,-1,16,6
https://github.com/IBM/vpc-java-sdk,ID,https://github.com/IBM/vpc-java-sdk/pull/78,,1,-1,90,78
https://github.com/IBM/vpc-java-sdk,ID,https://github.com/IBM/vpc-java-sdk/pull/36,,1,-1,2,1
https://github.com/IBM/vpc-java-sdk,ID,https://github.com/IBM/vpc-java-sdk/pull/38,,1,-1,20,10
https://github.com/IBM/java-sdk-core,ID,https://github.com/IBM/java-sdk-core/pull/159,,3,-1,41,17
https://github.com/IBM/platform-services-java-sdk,ID,https://github.com/IBM/platform-services-java-sdk/pull/156,These tests are auto-generated and should not be modified,1,-1,4,2
https://github.com/hydromatic/morel,ID,https://github.com/hydromatic/morel/pull/207,https://github.com/julianhyde/morel/tree/207-flaky,2,-1,13,7
https://github.com/immutables/immutables,ID,https://github.com/immutables/immutables/pull/1350,,1,-1,12,6
https://github.com/immutables/immutables,ID,https://github.com/immutables/immutables/pull/1625,,1,-1,64,13
https://github.com/INRIA/spoon,ID,https://github.com/INRIA/spoon/pull/6495,,2,-1,130,33
https://github.com/INRIA/spoon,ID,https://github.com/INRIA/spoon/pull/5037,,5,-1,11,5
https://github.com/INRIA/spoon,ID,https://github.com/INRIA/spoon/pull/6493,,2,-1,34,1
https://github.com/INRIA/spoon,ID,https://github.com/INRIA/spoon/pull/6494,,1,-1,190,2
https://github.com/INRIA/spoon,ID,https://github.com/INRIA/spoon/pull/6123,https://github.com/INRIA/spoon/pull/6084,5,-1,6,2
https://github.com/INRIA/spoon,ID,https://github.com/INRIA/spoon/pull/6502,,2,-1,10,1
https://github.com/INRIA/spoon,ID,https://github.com/INRIA/spoon/pull/6500,https://github.com/INRIA/spoon/pull/6084,2,-1,12,10
https://github.com/INRIA/spoon,ID,https://github.com/INRIA/spoon/pull/6499,,2,-1,33,1
https://github.com/intuit/wasabi,ID,https://github.com/intuit/wasabi/pull/457,,2,-1,18,6
https://github.com/intuit/wasabi,ID,https://github.com/intuit/wasabi/pull/455,,1,-1,12,1
https://github.com/intel/jndn-utils,ID,https://github.com/intel/jndn-utils/pull/8,RepoArchived,1,-1,2,2
https://github.com/intuit/wasabi,ID,https://github.com/intuit/wasabi/pull/456,,2,-1,11,2
https://github.com/INRIA/spoon,ID,https://github.com/INRIA/spoon/pull/6501,https://github.com/INRIA/spoon/pull/6084,2,-1,2,2
https://github.com/j256/ormlite-core,ID,https://github.com/j256/ormlite-core/pull/216,,1,-1,15,7
https://github.com/intuit/wasabi,ID,https://github.com/intuit/wasabi/pull/422,,1,-1,12,4
https://github.com/j256/ormlite-core,OD-Vic,https://github.com/j256/ormlite-core/pull/310,,2,-1,14,1
https://github.com/j256/ormlite-core,ID,https://github.com/j256/ormlite-core/pull/220,,2,-1,5,2
https://github.com/j256/ormlite-core,ID,https://github.com/j256/ormlite-core/pull/221,,1,-1,17,1
https://github.com/j256/ormlite-core,ID,https://github.com/j256/ormlite-core/pull/222,,2,-1,11,2
https://github.com/j256/ormlite-core,ID,https://github.com/j256/ormlite-core/pull/228,,3,-1,9,2
https://github.com/j256/ormlite-core,ID,https://github.com/j256/ormlite-core/pull/223,,1,-1,10,1
https://github.com/j256/ormlite-core,ID,https://github.com/j256/ormlite-core/pull/240,https://github.com/j256/ormlite-core/issues/238,1,-1,23,10
https://github.com/j256/ormlite-core,ID,https://github.com/j256/ormlite-core/pull/304,,1,-1,7,3
https://github.com/j256/ormlite-core,ID,https://github.com/j256/ormlite-core/pull/224,,1,-1,27,2
https://github.com/javadev/underscore-java,ID,https://github.com/javadev/underscore-java/pull/304,,1,-1,2,2
https://github.com/jdereg/json-io,ID,https://github.com/jdereg/json-io/pull/427,,1,-1,82,43
https://github.com/jdereg/java-util,ID,https://github.com/jdereg/java-util/pull/106,,1,-1,23,15
https://github.com/jdereg/json-io,ID,https://github.com/jdereg/json-io/pull/428,,1,-1,28,3
https://github.com/jdereg/json-io,ID,https://github.com/jdereg/json-io/pull/295,,1,-1,6,1
https://github.com/jdbi/jdbi,ID,https://github.com/jdbi/jdbi/pull/2551,,1,-1,2,7
https://github.com/jdereg/json-io,ID,https://github.com/jdereg/json-io/pull/303,,1,-1,11,8
https://github.com/jenkinsci/jenkins,ID,https://github.com/jenkinsci/jenkins/pull/5981,,1,-1,32,13
https://github.com/jdbi/jdbi,ID,https://github.com/jdbi/jdbi/pull/2552,,1,-1,3,2
https://github.com/jdereg/json-io,ID,https://github.com/jdereg/json-io/pull/297,,1,-1,2,1
https://github.com/jenkinsci/jenkins,ID,https://github.com/jenkinsci/jenkins/pull/8576,,12,-1,22,3
https://github.com/jenkinsci/jenkins,ID,https://github.com/jenkinsci/jenkins/pull/5989,,3,-1,10,8
https://github.com/jdereg/json-io,ID,https://github.com/jdereg/json-io/pull/301,,2,-1,21,6
https://github.com/jetty/jetty.project,ID,https://github.com/jetty/jetty.project/pull/10885,,1,-1,4,2
https://github.com/jenkinsci/remoting,OD,https://github.com/jenkinsci/remoting/pull/706,https://github.com/TestingResearchIllinois/flaky-test-dataset/issues/82,1,-1,8,0
https://github.com/jnr/jnr-posix,OD,https://github.com/jnr/jnr-posix/pull/185,https://github.com/TestingResearchIllinois/flaky-test-dataset/issues/84,1,-1,1,0
https://github.com/jfree/jfreechart,OD-Vic,https://github.com/jfree/jfreechart/pull/103,,1,-1,1,0
https://github.com/jfree/jfreechart,ID,https://github.com/jfree/jfreechart/pull/387,,1,-1,2,1
https://github.com/jolokia/jolokia,ID,https://github.com/jolokia/jolokia/pull/909,,6,-1,3,0
https://github.com/jmeter-maven-plugin/jmeter-maven-plugin,ID,https://github.com/jmeter-maven-plugin/jmeter-maven-plugin/pull/408,,1,-1,8,1
https://github.com/jolokia/jolokia,ID,https://github.com/jolokia/jolokia/pull/756,,1,-1,1,2
https://github.com/jolokia/jolokia,ID,https://github.com/jolokia/jolokia/pull/765,,1,-1,1,1
https://github.com/jolokia/jolokia,ID,https://github.com/jolokia/jolokia/pull/914,,1,-1,6,3
https://github.com/jolokia/jolokia,ID,https://github.com/jolokia/jolokia/pull/750,,1,-1,1,1
https://github.com/jknack/handlebars.java,ID,https://github.com/jknack/handlebars.java/pull/1153,,1,-1,25,2
https://github.com/jolokia/jolokia,ID,https://github.com/jolokia/jolokia/pull/907,,1,-1,1,1
https://github.com/jrtom/jung,ID,https://github.com/jrtom/jung/pull/258,,2,-1,6,6
https://github.com/jReddit/jReddit,ID,https://github.com/jReddit/jReddit/pull/158,,2,-1,9,7
https://github.com/julianhyde/linq4j,ID,https://github.com/julianhyde/linq4j/pull/31,,1,-1,30,14
https://github.com/jdereg/json-io,ID,https://github.com/jdereg/json-io/pull/302,,1,-1,6,6
https://github.com/json-iterator/java,ID,https://github.com/json-iterator/java/pull/353,,2,-1,40,25
https://github.com/junit-team/junit4,ID,https://github.com/junit-team/junit4/pull/1765,,2,-1,16,0
https://github.com/karatelabs/karate,ID,https://github.com/karatelabs/karate/pull/1856,,1,-1,2,1
https://github.com/karatelabs/karate,ID,https://github.com/karatelabs/karate/pull/1829,,1,-1,4,5
https://github.com/kal-an/file-reader-app,ID,https://github.com/kal-an/file-reader-app/pull/1,,2,-1,4,2
https://github.com/karatelabs/karate,ID,https://github.com/karatelabs/karate/pull/2458,,1,-1,2,1
https://github.com/karatelabs/karate,ID,https://github.com/karatelabs/karate/pull/2348,,1,-1,11,1
https://github.com/karatelabs/karate,ID,https://github.com/karatelabs/karate/pull/2417,,1,-1,5,2
https://github.com/kanwangzjm/funiture,NIO,https://github.com/kanwangzjm/funiture/pull/51,https://github.com/kanwangzjm/funiture/issues/50,1,-1,3,1
https://github.com/kevinsawicki/http-request,OD-Vic,https://github.com/kevinsawicki/http-request/pull/151,,1,-1,1,0
https://github.com/katharsis-project/katharsis-framework,ID,https://github.com/katharsis-project/katharsis-framework/pull/461,,2,-1,3,2
https://github.com/kevinsawicki/http-request,OD-Vic,https://github.com/kevinsawicki/http-request/pull/177,,1,-1,1,0
https://github.com/kiegroup/jbpm,ID,https://github.com/kiegroup/jbpm/pull/2473,,2,-1,79,6
https://github.com/kiegroup/jbpm,ID,https://github.com/kiegroup/jbpm/pull/2472,,1,-1,4,0
https://github.com/kiegroup/jbpm,ID,https://github.com/kiegroup/jbpm/pull/2478,,4,-1,26,4
https://github.com/kiegroup/jbpm,ID,https://github.com/kiegroup/jbpm/pull/2480,,1,-1,2,1
https://github.com/kiegroup/jbpm,ID,https://github.com/kiegroup/jbpm/pull/2487,,1,-1,36,10
https://github.com/kiegroup/jbpm,ID,https://github.com/kiegroup/jbpm/pull/2489,,1,-1,58,25
https://github.com/kiegroup/jbpm,ID,https://github.com/kiegroup/jbpm/pull/2496,,1,-1,38,11
https://github.com/kiegroup/jbpm,ID,https://github.com/kiegroup/jbpm/pull/2494,,1,-1,21,4
https://github.com/kiegroup/jbpm,ID,https://github.com/kiegroup/jbpm/pull/2495,,1,-1,36,11
https://github.com/kiegroup/jbpm,ID,https://github.com/kiegroup/jbpm/pull/2498,,1,-1,35,9
https://github.com/kiegroup/jbpm,ID,https://github.com/kiegroup/jbpm/pull/2493,,1,-1,35,5
https://github.com/kiegroup/jbpm,ID,https://github.com/kiegroup/jbpm/pull/2499,,1,-1,35,8
https://github.com/kiegroup/jbpm,ID,https://github.com/kiegroup/jbpm/pull/2491,,1,-1,22,5
https://github.com/kiegroup/jbpm,ID,https://github.com/kiegroup/jbpm/pull/2497,,1,-1,27,5
https://github.com/kiegroup/jbpm,ID,https://github.com/kiegroup/jbpm/pull/2481,,1,-1,8,2
https://github.com/kiegroup/jbpm,ID,https://github.com/kiegroup/jbpm/pull/2483,,2,-1,49,9
https://github.com/knowm/XChange,ID,https://github.com/knowm/XChange/pull/4960,,1,-1,269,10
https://github.com/kiegroup/jbpm,ID,https://github.com/kiegroup/jbpm/pull/2479,,2,-1,17,4
https://github.com/kiegroup/jbpm,ID,https://github.com/kiegroup/jbpm/pull/2482,,4,-1,117,32
https://github.com/Kong/unirest-java,ID,https://github.com/Kong/unirest-java/pull/408,,1,-1,2,1
https://github.com/ktuukkan/marine-api,OD-Vic,https://github.com/ktuukkan/marine-api/pull/109,,2,-1,6,0
https://github.com/knowm/XChange,ID,https://github.com/knowm/XChange/pull/4788,,1,-1,2,1
https://github.com/kubernetes-client/java,OD,https://github.com/kubernetes-client/java/pull/2897,https://github.com/TestingResearchIllinois/flaky-test-dataset/issues/85,1,-1,1,0
https://github.com/languagetool-org/languagetool,ID,https://github.com/languagetool-org/languagetool/pull/11552,,1,-1,2,2
https://github.com/languagetool-org/languagetool,ID,https://github.com/languagetool-org/languagetool/pull/11568,,2,-1,184,24
https://github.com/lets-blade/blade,ID,https://github.com/lets-blade/blade/pull/456,,1,-1,1,1
https://github.com/lets-blade/blade,ID,https://github.com/lets-blade/blade/pull/455,,3,-1,1,1
https://github.com/lets-blade/blade,ID,https://github.com/lets-blade/blade/pull/454,,1,-1,1,0
https://github.com/languagetool-org/languagetool,ID,https://github.com/languagetool-org/languagetool/pull/11024,,1,-1,48,21
https://github.com/lets-blade/blade,ID,https://github.com/lets-blade/blade/pull/447,,1,-1,3,1
https://github.com/liquibase/liquibase,ID,https://github.com/liquibase/liquibase/pull/926,,1,-1,18,2
https://github.com/liquibase/liquibase,ID,https://github.com/liquibase/liquibase/pull/1005,,1,-1,2,2
https://github.com/lets-blade/blade,ID,https://github.com/lets-blade/blade/pull/457,,3,-1,5,5
https://github.com/mapstruct/mapstruct,ID,https://github.com/mapstruct/mapstruct/pull/3941,,1,-1,83,40
https://github.com/mariadb-corporation/mariadb-connector-j,ID,https://github.com/mariadb-corporation/mariadb-connector-j/pull/198,,1,-1,50,15
https://github.com/manifold-systems/manifold,ID,https://github.com/manifold-systems/manifold/pull/515,,6,-1,12,7
https://github.com/looly/hutool,ID,https://github.com/looly/hutool/pull/1270,,1,-1,2,1
https://github.com/microsoft/botbuilder-java,ID,https://github.com/microsoft/botbuilder-java/pull/1367,RepoArchived,2,-1,33,4
https://github.com/mirromutth/r2dbc-mysql,ID,https://github.com/mirromutth/r2dbc-mysql/pull/216,RepoArchived,1,-1,5,5
https://github.com/Meituan-Dianping/groupmeal-java-sdk,ID,https://github.com/Meituan-Dianping/groupmeal-java-sdk/pull/1,,1,-1,12,2
https://github.com/mock-server/mockserver,ID,https://github.com/mock-server/mockserver/pull/1193,,1,-1,3,2
https://github.com/mock-server/mockserver,ID,https://github.com/mock-server/mockserver/pull/1817,,2,-1,7,2
https://github.com/mock-server/mockserver,ID,https://github.com/mock-server/mockserver/pull/945,,1,-1,17,1
https://github.com/mock-server/mockserver,ID,https://github.com/mock-server/mockserver/pull/932,,4,-1,17,1
https://github.com/mock-server/mockserver,ID,https://github.com/mock-server/mockserver/pull/949,,1,-1,15,5
https://github.com/mock-server/mockserver,ID,https://github.com/mock-server/mockserver/pull/1820,,1,-1,12,7
https://github.com/mock-server/mockserver,ID,https://github.com/mock-server/mockserver/pull/947,https://github.com/mock-server/mockserver/commit/ea5052d1dfd2e9edc4dbddcdebdaf0eb2acbfd98,4,-1,65,14
https://github.com/mock-server/mockserver,ID,https://github.com/mock-server/mockserver/pull/1093,https://github.com/mock-server/mockserver/commit/ea5052d1dfd2e9edc4dbddcdebdaf0eb2acbfd98,4,-1,95,32
https://github.com/mock-server/mockserver,ID,https://github.com/mock-server/mockserver/pull/1095,https://github.com/mock-server/mockserver/commit/ea5052d1dfd2e9edc4dbddcdebdaf0eb2acbfd98,5,-1,114,47
https://github.com/mock-server/mockserver,ID,https://github.com/mock-server/mockserver/pull/1088,https://github.com/mock-server/mockserver/commit/ea5052d1dfd2e9edc4dbddcdebdaf0eb2acbfd98,1,-1,75,8
https://github.com/mock-server/mockserver,ID,https://github.com/mock-server/mockserver/pull/1096,https://github.com/mock-server/mockserver/commit/ea5052d1dfd2e9edc4dbddcdebdaf0eb2acbfd98,4,-1,114,47
https://github.com/mock-server/mockserver,ID,https://github.com/mock-server/mockserver/pull/1094,https://github.com/mock-server/mockserver/commit/ea5052d1dfd2e9edc4dbddcdebdaf0eb2acbfd98,5,-1,114,47
https://github.com/mock-server/mockserver,ID,https://github.com/mock-server/mockserver/pull/1089,,1,-1,5,3
https://github.com/mock-server/mockserver,ID,https://github.com/mock-server/mockserver/pull/1090,https://github.com/mock-server/mockserver/commit/ea5052d1dfd2e9edc4dbddcdebdaf0eb2acbfd98,4,-1,13,12
https://github.com/mock-server/mockserver,ID,https://github.com/mock-server/mockserver/pull/1092,https://github.com/mock-server/mockserver/commit/ea5052d1dfd2e9edc4dbddcdebdaf0eb2acbfd98,5,-1,56,24
https://github.com/mock-server/mockserver,ID,https://github.com/mock-server/mockserver/pull/1091,https://github.com/mock-server/mockserver/commit/ea5052d1dfd2e9edc4dbddcdebdaf0eb2acbfd98,4,-1,23,2
https://github.com/moquette-io/moquette,ID,https://github.com/moquette-io/moquette/pull/781,,1,-1,2,0
https://github.com/modelmapper/modelmapper,ID,https://github.com/modelmapper/modelmapper/pull/697,,2,-1,17,7
https://github.com/mybatis-flex/mybatis-flex,ID,https://github.com/mybatis-flex/mybatis-flex/pull/601,https://github.com/mybatis-flex/mybatis-flex/issues/597,1,-1,60,34
https://github.com/mybatis/mybatis-3,ID,https://github.com/mybatis/mybatis-3/pull/1833,,2,-1,1,1
https://github.com/mock-server/mockserver,ID,https://github.com/mock-server/mockserver/pull/1818,,2,-1,2,1
https://github.com/mybatis/mybatis-dynamic-sql,ID,https://github.com/mybatis/mybatis-dynamic-sql/pull/982,,1,-1,19,19
https://github.com/mybatis/mybatis-dynamic-sql,ID,https://github.com/mybatis/mybatis-dynamic-sql/pull/981,,3,-1,15,15
https://github.com/mozilla/gcp-ingestion,ID,https://github.com/mozilla/gcp-ingestion/pull/2648,,1,-1,6,9
https://github.com/mybatis/mybatis-dynamic-sql,ID,https://github.com/mybatis/mybatis-dynamic-sql/pull/988,https://github.com/mybatis/mybatis-dynamic-sql/pull/988/commits/02fce4bf03a845ee6ac86fed177990fe347c9b41,1,-1,10,10
https://github.com/mybatis-flex/mybatis-flex,ID,https://github.com/mybatis-flex/mybatis-flex/pull/436,,1,-1,12,10
https://github.com/NanoHttpd/nanohttpd,ID,https://github.com/NanoHttpd/nanohttpd/pull/649,,1,-1,4,1
https://github.com/MyCATApache/Mycat-Server,ID,https://github.com/MyCATApache/Mycat-Server/pull/2963,https://github.com/MyCATApache/Mycat-Server/issues/2938,1,-1,16,12
https://github.com/MyCATApache/Mycat-Server,ID,https://github.com/MyCATApache/Mycat-Server/pull/2940,,1,-1,1,1
https://github.com/nationalsecurityagency/timely,ID,https://github.com/NationalSecurityAgency/timely/pull/211,,5,-1,17,8
https://github.com/neo4j/neo4j,OD,https://github.com/neo4j/neo4j/pull/13702,https://github.com/neo4j/neo4j/issues/13701,2,-1,84,16
https://github.com/networknt/json-schema-validator,ID,https://github.com/networknt/json-schema-validator/pull/489,,1,-1,1,0
https://github.com/networknt/light-4j,ID,https://github.com/networknt/light-4j/pull/1920,,1,-1,13,2
https://github.com/netty/netty,ID,https://github.com/netty/netty/pull/15862,,1,-1,3,3
https://github.com/networknt/light-4j,OD,https://github.com/networknt/light-4j/pull/857,https://github.com/TestingResearchIllinois/flaky-test-dataset/issues/73,3,-1,29,2
https://github.com/networknt/light-4j,ID,https://github.com/networknt/light-4j/pull/1919,,1,-1,3,2
https://github.com/networknt/light-4j,ID,https://github.com/networknt/light-4j/pull/1469,,1,-1,21,3
https://github.com/networknt/light-4j,OD,https://github.com/networknt/light-4j/pull/1996,https://github.com/TestingResearchIllinois/flaky-test-dataset/issues/73,2,-1,8,0
https://github.com/networknt/light-4j,OD,https://github.com/networknt/light-4j/pull/2013,https://github.com/TestingResearchIllinois/flaky-test-dataset/issues/73,1,-1,4,0
https://github.com/networknt/light-4j,ID,https://github.com/networknt/light-4j/pull/1419,,1,-1,5,1
https://github.com/networknt/light-4j,ID,https://github.com/networknt/light-4j/pull/1499,,2,-1,4,3
https://github.com/networknt/light-4j,OD,https://github.com/networknt/light-4j/pull/856,https://github.com/TestingResearchIllinois/flaky-test-dataset/issues/73,3,-1,17,0
https://github.com/nutzam/nutz,ID,https://github.com/nutzam/nutz/pull/1541,,1,-1,21,5
https://github.com/okta/okta-hooks-sdk-java,ID,https://github.com/okta/okta-hooks-sdk-java/pull/25,,2,-1,23,6
https://github.com/okta/okta-hooks-sdk-java,ID,https://github.com/okta/okta-hooks-sdk-java/pull/27,,2,-1,26,25
https://github.com/OpenAPITools/openapi-generator,ID,https://github.com/OpenAPITools/openapi-generator/pull/16751,https://github.com/OpenAPITools/openapi-generator/commit/494ee489ade5344b1bc7acdb545e058563f2d73f,1,-1,7,7
https://github.com/OpenAPITools/openapi-generator,ID,https://github.com/OpenAPITools/openapi-generator/pull/7958,,3,-1,2,2
https://github.com/OpenAPITools/openapi-generator,ID,https://github.com/OpenAPITools/openapi-generator/pull/22513,,1,-1,38,25
https://github.com/OpenAPITools/openapi-generator,ID,https://github.com/OpenAPITools/openapi-generator/pull/10485,,7,-1,34,8
https://github.com/OpenAPITools/openapi-generator,ID,https://github.com/OpenAPITools/openapi-generator/pull/16908,https://github.com/OpenAPITools/openapi-generator/issues/16907,1,-1,1,1
https://github.com/OpenFeign/feign,ID,https://github.com/OpenFeign/feign/pull/1525,,3,-1,26,17
https://github.com/OpenFeign/feign,ID,https://github.com/OpenFeign/feign/pull/1165,,1,-1,6,5
https://github.com/OpenAPITools/openapi-generator,ID,https://github.com/OpenAPITools/openapi-generator/pull/13956,https://github.com/TestingResearchIllinois/idoft/issues/595,2,-1,4,2
https://github.com/OpenGamma/Strata,ID,https://github.com/OpenGamma/Strata/pull/2337,,2,-1,7,7
https://github.com/OpenFeign/feign,ID,https://github.com/OpenFeign/feign/pull/1538,,1,-1,11,2
https://github.com/OpenFeign/feign-vertx,ID,https://github.com/OpenFeign/feign-vertx/pull/22,,1,-1,6,3
https://github.com/OpenGamma/Strata,ID,https://github.com/OpenGamma/Strata/pull/2332,,2,-1,2,2
https://github.com/opengoofy/hippo4j,ID,https://github.com/opengoofy/hippo4j/pull/1373,,14,-1,1,1
https://github.com/opengoofy/crane4j,ID,https://github.com/opengoofy/crane4j/pull/181,https://github.com/TestingResearchIllinois/idoft/issues/959,1,-1,8,4
https://github.com/opengoofy/crane4j,ID,https://github.com/opengoofy/crane4j/pull/180,https://github.com/TestingResearchIllinois/idoft/issues/959,1,-1,2,1
https://github.com/opengoofy/hippo4j,ID,https://github.com/opengoofy/hippo4j/pull/1495,,1,-1,7,1
https://github.com/openhab/openhab-core,ID,https://github.com/openhab/openhab-core/pull/4475,,1,-1,25,14
https://github.com/opengoofy/hippo4j,ID,https://github.com/opengoofy/hippo4j/pull/1499,https://github.com/TestingResearchIllinois/idoft/issues/797,1,-1,2,2
https://github.com/opengoofy/crane4j,ID,https://github.com/opengoofy/crane4j/pull/179,https://github.com/TestingResearchIllinois/idoft/issues/959,1,-1,4,2
https://github.com/opengoofy/hippo4j,ID,https://github.com/opengoofy/hippo4j/pull/1500,https://github.com/TestingResearchIllinois/idoft/issues/797,2,-1,2,1
https://github.com/opengoofy/hippo4j,NOD,https://github.com/opengoofy/hippo4j/pull/1506,https://github.com/TestingResearchIllinois/idoft/issues/797,1,-1,2,1
https://github.com/opengoofy/hippo4j,ID,https://github.com/opengoofy/hippo4j/pull/1494,,2,-1,13,6
https://github.com/openhab/openhab-core,ID,https://github.com/openhab/openhab-core/pull/5048,,1,-1,61,19
https://github.com/openhab/org.openhab.binding.zwave,ID,https://github.com/openhab/org.openhab.binding.zwave/pull/1681,,3,-1,6,3
https://github.com/OpenHFT/Chronicle-Wire,ID,https://github.com/OpenHFT/Chronicle-Wire/pull/308,,2,-1,23,19
https://github.com/openhab/openhab-core,ID,https://github.com/openhab/openhab-core/pull/5112,,1,-1,5,3
https://github.com/OpenHFT/Chronicle-Wire,ID,https://github.com/OpenHFT/Chronicle-Wire/pull/310,,1,-1,8,2
https://github.com/OpenHFT/Chronicle-Wire,ID,https://github.com/OpenHFT/Chronicle-Wire/pull/1237,,2,-1,7,3
https://github.com/OpenHFT/Chronicle-Wire,ID,https://github.com/OpenHFT/Chronicle-Wire/pull/1239,,1,-1,21,1
https://github.com/OpenHFT/Chronicle-Wire,ID,https://github.com/OpenHFT/Chronicle-Wire/pull/1238,,1,-1,8,2
https://github.com/openpojo/openpojo,ID,https://github.com/OpenPojo/openpojo/pull/137,,8,-1,26,96
https://github.com/OpenHFT/Chronicle-Wire,ID,https://github.com/OpenHFT/Chronicle-Wire/pull/315,,1,-1,8,2
https://github.com/OpenHFT/Chronicle-Wire,OD-Brit,https://github.com/OpenHFT/Chronicle-Wire/pull/235,,1,-1,2,0
https://github.com/OpenHFT/Chronicle-Wire,ID,https://github.com/OpenHFT/Chronicle-Wire/pull/1241,,1,-1,13,5
https://github.com/openpojo/openpojo,OD;UD,https://github.com/OpenPojo/openpojo/pull/135,,1,-1,3,0
https://github.com/OpenHFT/Chronicle-Wire,ID,https://github.com/OpenHFT/Chronicle-Wire/pull/354,,1,-1,6,0
https://github.com/openpojo/openpojo,OD-Vic,https://github.com/OpenPojo/openpojo/pull/136,,1,-1,9,0
https://github.com/OpenRefine/OpenRefine,ID,https://github.com/OpenRefine/OpenRefine/pull/6180,,1,-1,26,6
https://github.com/OpenRefine/OpenRefine,ID,https://github.com/OpenRefine/OpenRefine/pull/6133,,2,-1,13,3
https://github.com/OpenHFT/Chronicle-Wire,ID,https://github.com/OpenHFT/Chronicle-Wire/pull/335,,1,-1,42,9
https://github.com/OpenRefine/OpenRefine,ID,https://github.com/OpenRefine/OpenRefine/pull/6926,,4,-1,7,1
https://github.com/OpenRefine/OpenRefine,ID,https://github.com/OpenRefine/OpenRefine/pull/6153,,1,-1,1,1
https://github.com/oracle/oci-java-sdk,ID,https://github.com/oracle/oci-java-sdk/pull/727,,1,-1,2,1
https://github.com/oracle/oci-hdfs-connector,ID,https://github.com/oracle/oci-hdfs-connector/pull/70,,1,-1,1,1
https://github.com/oracle/oci-java-sdk,ID,https://github.com/oracle/oci-java-sdk/pull/728,,1,-1,6,1
https://github.com/oracle/tribuo,ID,https://github.com/oracle/tribuo/pull/419,https://github.com/oracle/tribuo/pull/421,1,-1,18,9
https://github.com/oracle/tribuo,ID,https://github.com/oracle/tribuo/pull/424,,2,-1,21,9
https://github.com/oracle/weblogic-monitoring-exporter,ID,https://github.com/oracle/weblogic-monitoring-exporter/pull/173,,2,-1,12,5
https://github.com/oracle/tribuo,ID,https://github.com/oracle/tribuo/pull/220,,8,-1,3,3
https://github.com/oracle/tribuo,ID,https://github.com/oracle/tribuo/pull/422,,1,-1,11,8
https://github.com/oracle/tribuo,ID,https://github.com/oracle/tribuo/pull/425,,2,-1,51,1
https://github.com/orbisgis/h2gis,NIO,https://github.com/orbisgis/h2gis/pull/1363,,2,-1,5,4
https://github.com/orbisgis/h2gis,ID,https://github.com/orbisgis/h2gis/pull/1207,,1,-1,3,3
https://github.com/orientechnologies/orientdb,ID,https://github.com/orientechnologies/orientdb/pull/10615,,1,-1,1,1
https://github.com/orientechnologies/orientdb,ID,https://github.com/orientechnologies/orientdb/pull/10616,,1,-1,11,4
https://github.com/orientechnologies/orientdb,ID,https://github.com/orientechnologies/orientdb/pull/10626,,1,-1,7,2
https://github.com/orientechnologies/orientdb,ID,https://github.com/orientechnologies/orientdb/pull/10625,,1,-1,23,7
https://github.com/orika-mapper/orika,ID,https://github.com/orika-mapper/orika/pull/403,,3,-1,2,0
https://github.com/orika-mapper/orika,ID,https://github.com/orika-mapper/orika/pull/405,,1,-1,13,3
https://github.com/perwendel/spark,ID,https://github.com/perwendel/spark/pull/1285,,1,-1,1,1
https://github.com/pac4j/pac4j,ID,https://github.com/pac4j/pac4j/pull/2723,,1,-1,2,1
https://github.com/pedrovgs/Algorithms,ID,https://github.com/pedrovgs/Algorithms/pull/63,,1,-1,2,2
https://github.com/OryxProject/oryx,ID,https://github.com/OryxProject/oryx/pull/369,RepoArchived,2,-1,2,1
https://github.com/pholser/junit-quickcheck,NIO,https://github.com/pholser/junit-quickcheck/pull/295,,1,-1,1,0
https://github.com/pholser/junit-quickcheck,NIO,https://github.com/pholser/junit-quickcheck/pull/361,,1,-1,74,0
https://github.com/orika-mapper/orika,ID,https://github.com/orika-mapper/orika/pull/404,,1,-1,2,0
https://github.com/pholser/junit-quickcheck,NIO,https://github.com/pholser/junit-quickcheck/pull/357,,1,-1,28,0
https://github.com/OryxProject/oryx,ID,https://github.com/OryxProject/oryx/pull/368,RepoArchived,1,-1,16,3
https://github.com/orika-mapper/orika,ID,https://github.com/orika-mapper/orika/pull/406,,1,-1,5,4
https://github.com/OWASP/json-sanitizer,ID,https://github.com/OWASP/json-sanitizer/pull/31,,1,-1,2,2
https://github.com/pholser/junit-quickcheck,ID;NIO,https://github.com/pholser/junit-quickcheck/pull/284,,8,-1,22,6
https://github.com/pholser/junit-quickcheck,NIO,https://github.com/pholser/junit-quickcheck/pull/293,,1,-1,29,0
https://github.com/pholser/junit-quickcheck,ID,https://github.com/pholser/junit-quickcheck/pull/283,,2,-1,18,6
https://github.com/pholser/junit-quickcheck,NIO,https://github.com/pholser/junit-quickcheck/pull/359,,1,-1,2,0
https://github.com/pholser/junit-quickcheck,OD,https://github.com/pholser/junit-quickcheck/pull/257,,1,-1,1,1
https://github.com/pholser/junit-quickcheck,NIO,https://github.com/pholser/junit-quickcheck/pull/294,,1,-1,1,0
https://github.com/pholser/junit-quickcheck,NIO,https://github.com/pholser/junit-quickcheck/pull/292,,1,-1,1,0
https://github.com/pholser/junit-quickcheck,NIO,https://github.com/pholser/junit-quickcheck/pull/290,,2,-1,2,0
https://github.com/pholser/junit-quickcheck,NIO,https://github.com/pholser/junit-quickcheck/pull/291,,1,-1,1,0
https://github.com/pholser/junit-quickcheck,ID,https://github.com/pholser/junit-quickcheck/pull/521,,1,-1,2,2
https://github.com/pholser/junit-quickcheck,NIO;OD,https://github.com/pholser/junit-quickcheck/pull/288,https://github.com/TestingResearchIllinois/idoft/issues/6,1,-1,5,0
https://github.com/pholser/junit-quickcheck,NIO,https://github.com/pholser/junit-quickcheck/pull/286,,1,-1,6,2
https://github.com/pholser/junit-quickcheck,NIO,https://github.com/pholser/junit-quickcheck/pull/289,,1,-1,5,0
https://github.com/pholser/junit-quickcheck,NIO,https://github.com/pholser/junit-quickcheck/pull/287,,1,-1,6,2
https://github.com/pinterest/secor,OD-Brit,https://github.com/pinterest/secor/pull/2248,,1,-1,11,0
https://github.com/pinterest/secor,OD,https://github.com/pinterest/secor/pull/2752,,1,-1,9,22
https://github.com/primefaces/primefaces,ID,https://github.com/primefaces/primefaces/pull/14440,,1,-1,2,1
https://github.com/protegeproject/webprotege,ID,https://github.com/protegeproject/webprotege/pull/814,,1,-1,2,1
https://github.com/pmd/pmd,ID,https://github.com/pmd/pmd/pull/4750,,1,-1,4,4
https://github.com/pmd/pmd,ID,https://github.com/pmd/pmd/pull/4752,,2,-1,11,9
https://github.com/pinterest/secor,NOD,https://github.com/pinterest/secor/pull/1687,,2,-1,3,9
https://github.com/quarkusio/quarkus,ID,https://github.com/quarkusio/quarkus/pull/44027,,1,-1,7,4
https://github.com/prometheus/client_java,ID,https://github.com/prometheus/client_java/pull/829,,2,-1,5,4
https://github.com/protegeproject/webprotege-backend-service,ID,https://github.com/protegeproject/webprotege-backend-service/pull/52,,1,-1,2,1
https://github.com/PSteph/jsonToOrmMapper,ID,https://github.com/PSteph/jsonToOrmMapper/pull/4,,1,-1,4,3
https://github.com/qos-ch/logback,ID,https://github.com/qos-ch/logback/pull/742,,1,-1,2,2
https://github.com/querydsl/querydsl,NOD,https://github.com/querydsl/querydsl/pull/2658,https://github.com/TestingResearchIllinois/flaky-test-dataset/issues/45,1,-1,1,1
https://github.com/querydsl/querydsl,ID,https://github.com/querydsl/querydsl/pull/2535,,1,-1,1,1
https://github.com/quarkusio/quarkus,ID,https://github.com/quarkusio/quarkus/pull/43820,,2,-1,5,6
https://github.com/quarkusio/quarkus,ID,https://github.com/quarkusio/quarkus/pull/44033,,1,-1,18,0
https://github.com/quarkusio/quarkus,ID,https://github.com/quarkusio/quarkus/pull/37413,https://github.com/quarkusio/quarkus/pull/37541,1,-1,7,1
https://github.com/questdb/questdb,NOD,https://github.com/questdb/questdb/pull/6242,https://github.com/questdb/questdb/issues/4139,1,-1,1,2
https://github.com/rest-assured/rest-assured,ID,https://github.com/rest-assured/rest-assured/pull/1236,,1,-1,24,3
https://github.com/raphw/byte-buddy,ID,https://github.com/raphw/byte-buddy/pull/1547,,6,-1,35,4
https://github.com/rest-assured/rest-assured,ID,https://github.com/rest-assured/rest-assured/pull/1280,,1,-1,31,17
https://github.com/rest-assured/rest-assured,OD,https://github.com/rest-assured/rest-assured/pull/1424,,1,-1,1,0
https://github.com/rcongiu/Hive-JSON-Serde,ID,https://github.com/rcongiu/Hive-JSON-Serde/pull/241,,1,-1,8,2
https://github.com/redis/jedis,ID,https://github.com/redis/jedis/pull/3617,,5,-1,11,9
https://github.com/rest-assured/rest-assured,ID,https://github.com/rest-assured/rest-assured/pull/1277,,1,-1,39,18
https://github.com/rest-assured/rest-assured,ID,https://github.com/rest-assured/rest-assured/pull/1215,,1,-1,4,3
https://github.com/quarkusio/quarkus,ID,https://github.com/quarkusio/quarkus/pull/6839,,1,-1,5,5
https://github.com/ripe-ncc/whois,ID,https://github.com/RIPE-NCC/whois/pull/686,,3,-1,7,3
https://github.com/rubenlagus/TelegramBots,ID,https://github.com/rubenlagus/TelegramBots/pull/1546,,4,-1,6,2
https://github.com/ripe-ncc/whois,ID,https://github.com/RIPE-NCC/whois/pull/1097,,7,-1,56,54
https://github.com/robovm/robovm,ID,https://github.com/robovm/robovm/pull/1272,https://github.com/robovm/robovm/pull/1274 https://github.com/robovm/robovm/pull/1276,1,-1,4,0
https://github.com/rrd4j/rrd4j,OD-Vic,https://github.com/rrd4j/rrd4j/pull/173,,1,-1,15,0
https://github.com/rubenlagus/TelegramBots,ID,https://github.com/rubenlagus/TelegramBots/pull/1547,,4,-1,65,26
https://github.com/runelite/runelite,ID,https://github.com/runelite/runelite/pull/14104,,1,-1,2,1
https://github.com/rrd4j/rrd4j,TZD,https://github.com/rrd4j/rrd4j/pull/172,,1,-1,2,0
https://github.com/rrd4j/rrd4j,OD-Vic,https://github.com/rrd4j/rrd4j/pull/160,,1,-1,2,0
https://github.com/sakaiproject/sakai,ID,https://github.com/sakaiproject/sakai/pull/13014,,2,-1,44,16
https://github.com/SAP/emobility-smart-charging,ID,https://github.com/SAP/emobility-smart-charging/pull/42,,1,-1,2,3
https://github.com/runelite/runelite,ID,https://github.com/runelite/runelite/pull/19486,,3,-1,22,9
https://github.com/sabidea23/SmartTranslator,ID,https://github.com/sabidea23/SmartTranslator/pull/1,,1,-1,1,1
https://github.com/SAP/cloud-security-services-integration-library,ID,https://github.com/SAP/cloud-security-services-integration-library/pull/1338,,3,-1,14,3
https://github.com/sakaiproject/sakai,ID,https://github.com/sakaiproject/sakai/pull/14230,,3,-1,20,4
https://github.com/SAP/fosstars-rating-core,ID,https://github.com/SAP/fosstars-rating-core/pull/823,,5,-1,2,3
https://github.com/schemacrawler/SchemaCrawler,ID,https://github.com/schemacrawler/SchemaCrawler/pull/2125,https://github.com/schemacrawler/SchemaCrawler/commit/a73593b5bb64f4ad116c233f1bd17ea7a30453d8,1,-1,9,2
https://github.com/schemacrawler/SchemaCrawler,ID,https://github.com/schemacrawler/SchemaCrawler/pull/525,,1,-1,7,2
https://github.com/SAP/scimono,ID,https://github.com/SAP/scimono/pull/188,,2,-1,2,2
https://github.com/skyscreamer/JSONassert,ID,https://github.com/skyscreamer/JSONassert/pull/151,,1,-1,1,1
https://github.com/SAP/pair-distribution-app,ID,https://github.com/SAP/pair-distribution-app/pull/7,RepoArchived,2,-1,8,7
https://github.com/snakeyaml/snakeyaml,ID,https://github.com/snakeyaml/snakeyaml/pull/9,,1,-1,8,7
https://github.com/Slimefun/Slimefun4,ID,https://github.com/Slimefun/Slimefun4/pull/3179,,9,-1,2,1
https://github.com/schemacrawler/SchemaCrawler,ID,https://github.com/schemacrawler/SchemaCrawler/pull/2126,https://github.com/schemacrawler/SchemaCrawler/commit/3bb8b362d95275bf61e5ea4d468155fea5097d14,1,-1,6,2
https://github.com/sofastack/sofa-boot,ID,https://github.com/sofastack/sofa-boot/pull/1124,,8,-1,3,3
https://github.com/smooks/smooks,ID,https://github.com/smooks/smooks/pull/885,,1,-1,9,3
https://github.com/seata/seata,ID,https://github.com/seata/seata/pull/1802,,2,-1,2,2
https://github.com/snowflakedb/snowflake-jdbc,ID,https://github.com/snowflakedb/snowflake-jdbc/pull/1164,,2,-1,2,2
https://github.com/SonarSource/sonar-php,ID,https://github.com/SonarSource/sonar-php/pull/785,,1,-1,1,1
https://github.com/soot-oss/soot,ID,https://github.com/soot-oss/soot/pull/1802,,1,-1,10,10
https://github.com/snakeyaml/snakeyaml-engine,ID,https://github.com/snakeyaml/snakeyaml-engine/pull/1,,1,-1,14,13
https://github.com/spdx/tools,ID,https://github.com/spdx/tools/pull/312,,2,-1,1,1
https://github.com/sonatype/nexus-public,ID,https://github.com/sonatype/nexus-public/pull/499,,1,-1,4,5
https://github.com/smooks/smooks,ID,https://github.com/smooks/smooks/pull/893,,1,-1,119,5
https://github.com/spring-cloud/spring-cloud-config,ID,https://github.com/spring-cloud/spring-cloud-config/pull/3171,,1,-1,9,3
https://github.com/spring-cloud/spring-cloud-config,ID,https://github.com/spring-cloud/spring-cloud-config/pull/1546,,1,-1,2,2
https://github.com/spring-cloud/spring-cloud-config,ID,https://github.com/spring-cloud/spring-cloud-config/pull/3123,,1,-1,15,0
https://github.com/spring-cloud/spring-cloud-config,ID,https://github.com/spring-cloud/spring-cloud-config/pull/3142,,1,-1,4,2
https://github.com/spring-projects/spring-boot,ID,https://github.com/spring-projects/spring-boot/pull/30514,,4,-1,3,1
https://github.com/spring-cloud/spring-cloud-config,ID,https://github.com/spring-cloud/spring-cloud-config/pull/3122,,1,-1,6,0
https://github.com/spring-cloud/spring-cloud-gateway,ID,https://github.com/spring-cloud/spring-cloud-gateway/pull/4012,,2,-1,9,2
https://github.com/spring-cloud/spring-cloud-kubernetes,OD,https://github.com/spring-cloud/spring-cloud-kubernetes/pull/2089,,1,-1,1,0
https://github.com/spring-projects/spring-data-cassandra,ID,https://github.com/spring-projects/spring-data-cassandra/pull/1200,https://github.com/spring-projects/spring-data-cassandra/issues/1196,1,-1,2,1
https://github.com/spring-projects/spring-data-cassandra,ID,https://github.com/spring-projects/spring-data-cassandra/pull/1198,https://github.com/spring-projects/spring-data-cassandra/issues/1196,1,-1,1,2
https://github.com/spring-projects/spring-boot,NIO,https://github.com/spring-projects/spring-boot/pull/27664,,1,-1,6,3
https://github.com/spring-projects/spring-data-cassandra,ID,https://github.com/spring-projects/spring-data-cassandra/pull/1201,https://github.com/spring-projects/spring-data-cassandra/issues/1196,1,-1,2,1
https://github.com/spring-projects/spring-boot,NIO,https://github.com/spring-projects/spring-boot/pull/25435,,1,-1,4,0
https://github.com/spring-projects/spring-data-cassandra,ID,https://github.com/spring-projects/spring-data-cassandra/pull/1618,https://github.com/spring-projects/spring-data-cassandra/commit/d95e57a50c79dca3e393caa9d13ef8434a647915,1,-1,1,1
https://github.com/spring-projects/spring-data-couchbase,ID,https://github.com/spring-projects/spring-data-couchbase/pull/1991,,1,-1,3,1
https://github.com/spring-projects/spring-data-couchbase,ID,https://github.com/spring-projects/spring-data-couchbase/pull/1253,,4,-1,1,1
https://github.com/spring-projects/spring-data-elasticsearch,ID,https://github.com/spring-projects/spring-data-elasticsearch/pull/2007,,2,-1,7,12
https://github.com/spring-projects/spring-data-envers,OD-Vic,https://github.com/spring-projects/spring-data-envers/pull/226,,1,-1,1,0
https://github.com/spring-projects/spring-data-elasticsearch,ID,https://github.com/spring-projects/spring-data-elasticsearch/pull/2008,,1,-1,37,2
https://github.com/spring-projects/spring-data-gemfire,ID,https://github.com/spring-projects/spring-data-gemfire/pull/130,,1,-1,2,1
https://github.com/spring-projects/spring-data-jpa,ID,https://github.com/spring-projects/spring-data-jpa/pull/2364,https://github.com/spring-projects/spring-data-jpa/commit/519ed8171e3e67d6fc95c1fdc1a5590f74645f1b,1,-1,2,2
https://github.com/spring-projects/spring-data-gemfire,ID,https://github.com/spring-projects/spring-data-gemfire/pull/134,,2,-1,4,13
https://github.com/spring-projects/spring-data-gemfire,ID,https://github.com/spring-projects/spring-data-gemfire/pull/132,,1,-1,6,1
https://github.com/spring-projects/spring-data-r2dbc,ID,https://github.com/spring-projects/spring-data-r2dbc/pull/691,,3,-1,122,66
https://github.com/spring-projects/spring-data-gemfire,ID,https://github.com/spring-projects/spring-data-gemfire/pull/131,,1,-1,2,1
https://github.com/spring-projects/spring-data-gemfire,ID,https://github.com/spring-projects/spring-data-gemfire/pull/133,,1,-1,4,1
https://github.com/spring-projects/spring-data-jdbc,ID,https://github.com/spring-projects/spring-data-jdbc/pull/1097,,4,-1,49,23
https://github.com/spring-projects/spring-data-jdbc,ID,https://github.com/spring-projects/spring-data-jdbc/pull/1096,,1,-1,4,2
https://github.com/spring-projects/spring-data-jdbc,ID,https://github.com/spring-projects/spring-data-jdbc/pull/1095,,1,-1,5,2
https://github.com/spring-projects/spring-data-redis,ID,https://github.com/spring-projects/spring-data-redis/pull/3062,https://github.com/spring-projects/spring-data-redis/issues/3061,1,-1,20,2
https://github.com/spring-projects/spring-data-keyvalue,ID,https://github.com/spring-projects/spring-data-keyvalue/pull/407,,2,-1,20,3
https://github.com/spring-projects/spring-data-redis,ID,https://github.com/spring-projects/spring-data-redis/pull/3242,https://github.com/spring-projects/spring-data-redis/issues/3241;https://github.com/spring-projects/spring-data-redis/commit/f047b4d0353f6776fe0dfec5f27ca2131ea95ff9,1,-1,19,2
https://github.com/spring-projects/spring-hateoas,ID,https://github.com/spring-projects/spring-hateoas/pull/1726,,16,-1,38,3
https://github.com/spring-projects/spring-retry,ID,https://github.com/spring-projects/spring-retry/pull/497,,2,-1,120,67
https://github.com/stanfordnlp/CoreNLP,ID,https://github.com/stanfordnlp/CoreNLP/pull/1215,,3,-1,8,5
https://github.com/spring-projects/spring-ws,OD;UD,https://github.com/spring-projects/spring-ws/pull/1165,https://github.com/TestingResearchIllinois/flaky-test-dataset/issues/51,8,-1,6,2
https://github.com/stanfordnlp/CoreNLP,ID,https://github.com/stanfordnlp/CoreNLP/pull/1218,,6,-1,2,2
https://github.com/square/pagerduty-incidents,ID,https://github.com/square/pagerduty-incidents/pull/30,RepoArchived,1,-1,3,1
https://github.com/square/retrofit,ID,https://github.com/square/retrofit/pull/3295,,1,-1,22,2
https://github.com/stanfordnlp/CoreNLP,ID,https://github.com/stanfordnlp/CoreNLP/pull/1182,,2,-1,9,2
https://github.com/spring-projects/spring-ws,NIO,https://github.com/spring-projects/spring-ws/pull/1178,,1,-1,6,0
https://github.com/spring-projects/spring-ws,ID,https://github.com/spring-projects/spring-ws/pull/122,https://github.com/TestingResearchIllinois/flaky-test-dataset/issues/26,8,-1,240,321
https://github.com/stargate/stargate,ID,https://github.com/stargate/stargate/pull/1383,,5,-1,8,3
https://github.com/stleary/JSON-java,ID,https://github.com/stleary/JSON-java/pull/734,,1,-1,9,3
https://github.com/stleary/JSON-java,ID,https://github.com/stleary/JSON-java/pull/696,,1,-1,4,2
https://github.com/stleary/JSON-java,ID,https://github.com/stleary/JSON-java/pull/693,,3,-1,7,7
https://github.com/stleary/JSON-java,ID,https://github.com/stleary/JSON-java/pull/788,,6,-1,7,4
https://github.com/streamx-co/FluentJPA,ID,https://github.com/streamx-co/FluentJPA/pull/4,,1,-1,2,2
https://github.com/stleary/JSON-java,ID,https://github.com/stleary/JSON-java/pull/798,,1,-1,1,1
https://github.com/strimzi/strimzi-kafka-operator,ID,https://github.com/strimzi/strimzi-kafka-operator/pull/12242,,1,-1,5,1
https://github.com/strimzi/strimzi-kafka-operator,ID,https://github.com/strimzi/strimzi-kafka-operator/pull/12244,,1,-1,2,1
https://github.com/strimzi/strimzi-kafka-operator,ID,https://github.com/strimzi/strimzi-kafka-operator/pull/12243,,1,-1,5,1
https://github.com/strimzi/strimzi-kafka-operator,ID,https://github.com/strimzi/strimzi-kafka-operator/pull/12222,,1,-1,2,1
https://github.com/strimzi/strimzi-kafka-operator,ID,https://github.com/strimzi/strimzi-kafka-operator/pull/12231,,1,-1,5,1
https://github.com/strimzi/strimzi-kafka-operator,ID,https://github.com/strimzi/strimzi-kafka-operator/pull/12211,,1,-1,2,1
https://github.com/strimzi/strimzi-kafka-operator,ID,https://github.com/strimzi/strimzi-kafka-operator/pull/12246,,1,-1,5,1
https://github.com/strimzi/strimzi-kafka-operator,ID,https://github.com/strimzi/strimzi-kafka-operator/pull/12234,,1,-1,2,1
https://github.com/strimzi/strimzi-kafka-operator,ID,https://github.com/strimzi/strimzi-kafka-operator/pull/12245,,1,-1,5,1
https://github.com/strimzi/strimzi-kafka-operator,ID,https://github.com/strimzi/strimzi-kafka-operator/pull/12203,,2,-1,2,1
https://github.com/strimzi/strimzi-kafka-operator,ID,https://github.com/strimzi/strimzi-kafka-operator/pull/12249,,1,-1,2,1
https://github.com/strimzi/strimzi-kafka-operator,ID,https://github.com/strimzi/strimzi-kafka-operator/pull/12204,,2,-1,13,4
https://github.com/Sunagatov/Iced-Latte,ID,https://github.com/Sunagatov/Iced-Latte/pull/413,,2,-1,2,2
https://github.com/swagger-api/swagger-core,ID,https://github.com/swagger-api/swagger-core/pull/4783,,3,-1,322,109
https://github.com/swagger-api/swagger-core,ID,https://github.com/swagger-api/swagger-core/pull/5002,,2,-1,33,18
https://github.com/swagger-api/swagger-core,ID,https://github.com/swagger-api/swagger-core/pull/4990,,5,-1,53,32
https://github.com/swagger-api/swagger-core,ID,https://github.com/swagger-api/swagger-core/pull/4981,,2,-1,3,1
https://github.com/tabulapdf/tabula-java,ID,https://github.com/tabulapdf/tabula-java/pull/533,,2,-1,4,4
https://github.com/Thomas-S-B/visualee,OD,https://github.com/Thomas-S-B/visualee/pull/8,https://github.com/TestingResearchIllinois/flaky-test-dataset/issues/100,1,-1,108,1
https://github.com/TestingResearchIllinois/starts,ID,https://github.com/TestingResearchIllinois/starts/pull/89,,1,-1,2,4
https://github.com/tbsalling/aismessages,OD-Vic,https://github.com/tbsalling/aismessages/pull/41,,1,-1,9,5
https://github.com/tools4j/unix4j,OD-Vic,https://github.com/tools4j/unix4j/pull/77,,1,-1,3,0
https://github.com/TooTallNate/Java-WebSocket,NDOD;NOD,https://github.com/TooTallNate/Java-WebSocket/pull/1444,,6,-1,12,27
https://github.com/twilio/authy-java,ID,https://github.com/twilio/authy-java/pull/70,RepoArchived,2,-1,21,1
https://github.com/twilio/twilio-java,ID,https://github.com/twilio/twilio-java/pull/725,,3,-1,3,1
https://github.com/ttddyy/datasource-assert,ID,https://github.com/ttddyy/datasource-assert/pull/1,RepoArchived,2,-1,3,2
https://github.com/twitter/cloudhopper-commons,ID,https://github.com/twitter/cloudhopper-commons/pull/44,,1,-1,2,1
https://github.com/twitter/GraphJet,ID,https://github.com/twitter/GraphJet/pull/138,,3,-1,15,14
https://github.com/Tencent/spring-cloud-tencent,ID,https://github.com/Tencent/spring-cloud-tencent/pull/51,,1,-1,12,6
https://github.com/twitter/cloudhopper-commons,ID,https://github.com/twitter/cloudhopper-commons/pull/27,,1,-1,19,11
https://github.com/undertow-io/undertow,ID,https://github.com/undertow-io/undertow/pull/1852,,1,-1,6,1
https://github.com/undertow-io/undertow,NIO,https://github.com/undertow-io/undertow/pull/1023,,2,-1,13,3
https://github.com/undertow-io/undertow,OD-Vic,https://github.com/undertow-io/undertow/pull/684,,1,-1,1,0
https://github.com/uniVocity/univocity-parsers,ID,https://github.com/uniVocity/univocity-parsers/pull/545,,1,-1,3,3
https://github.com/undertow-io/undertow,ID,https://github.com/undertow-io/undertow/pull/991,,1,-1,2,1
https://github.com/uniVocity/univocity-parsers,ID,https://github.com/uniVocity/univocity-parsers/pull/544,,1,-1,9,2
https://github.com/vaadin/flow,ID,https://github.com/vaadin/flow/pull/22869,,2,-1,2,2
https://github.com/undertow-io/undertow,TD,https://github.com/undertow-io/undertow/pull/1705,,1,-1,1,0
https://github.com/vaadin/flow,ID,https://github.com/vaadin/flow/pull/22812,,1,-1,7,2
https://github.com/vaadin/flow,ID,https://github.com/vaadin/flow/pull/22802,,3,-1,12,6
https://github.com/vaadin/flow,ID,https://github.com/vaadin/flow/pull/22768,,3,-1,14,14
https://github.com/vaadin/flow,OD,https://github.com/vaadin/flow/pull/9524,https://github.com/TestingResearchIllinois/flaky-test-dataset/issues/41,1,-1,3,2
https://github.com/vavr-io/vavr,ID,https://github.com/vavr-io/vavr/pull/3104,,1,-1,5,5
https://github.com/vaadin/flow,ID,https://github.com/vaadin/flow/pull/22808,,3,-1,17,17
https://github.com/vert-x3/vertx-mqtt,OD,https://github.com/vert-x3/vertx-mqtt/pull/253,,1,-1,3,0
https://github.com/vipshop/vjtools,ID,https://github.com/vipshop/vjtools/pull/168,,1,-1,26,13
https://github.com/vojtechhabarta/typescript-generator,ID,https://github.com/vojtechhabarta/typescript-generator/pull/677,,2,-1,8,3
https://github.com/vojtechhabarta/typescript-generator,ID,https://github.com/vojtechhabarta/typescript-generator/pull/686,,2,-1,2,0
https://github.com/vojtechhabarta/typescript-generator,ID,https://github.com/vojtechhabarta/typescript-generator/pull/688,,2,-1,41,39
https://github.com/vmware/admiral,NIO,https://github.com/vmware/admiral/pull/319,RepoArchived,1,-1,7,0
https://github.com/vmware/admiral,NIO;OD-Vic,https://github.com/vmware/admiral/pull/327,RepoArchived,1,-1,1,0
https://github.com/vojtechhabarta/typescript-generator,ID,https://github.com/vojtechhabarta/typescript-generator/pull/717,,1,-1,5,1
https://github.com/vojtechhabarta/typescript-generator,ID,https://github.com/vojtechhabarta/typescript-generator/pull/718,,1,-1,3,2
https://github.com/vmware/admiral,NIO,https://github.com/vmware/admiral/pull/338,RepoArchived,1,-1,2,0
https://github.com/vmware/admiral,NIO,https://github.com/vmware/admiral/pull/320,RepoArchived,1,-1,1,0
https://github.com/vojtechhabarta/typescript-generator,ID,https://github.com/vojtechhabarta/typescript-generator/pull/720,,2,-1,2,1
https://github.com/webx/citrus,ID,https://github.com/webx/citrus/pull/58,,1,-1,8,0
https://github.com/vojtechhabarta/typescript-generator,ID,https://github.com/vojtechhabarta/typescript-generator/pull/719,,2,-1,7,5
https://github.com/webx/citrus,ID,https://github.com/webx/citrus/pull/62,,1,-1,18,1
https://github.com/Wikidata-Toolkit/Wikidata-Toolkit,ID,https://github.com/Wikidata-Toolkit/Wikidata-Toolkit/pull/981,,1,-1,54,12
https://github.com/Wikidata-Toolkit/Wikidata-Toolkit,ID,https://github.com/Wikidata-Toolkit/Wikidata-Toolkit/pull/982,,1,-1,41,20
https://github.com/wildfly/wildfly,ID,https://github.com/wildfly/wildfly/pull/17472,Detected by Nondex 1.1.3,1,-1,5,2
https://github.com/wikidata/wikidata-toolkit,OD-Brit,https://github.com/Wikidata/Wikidata-Toolkit/pull/480,,1,-1,1,1
https://github.com/wildfly/wildfly,OD-Vic,https://github.com/wildfly/wildfly/pull/11833,,1,-1,3,1
https://github.com/wildfly/wildfly,ID,https://github.com/wildfly/wildfly/pull/17292,https://github.com/wildfly/wildfly/pull/17292/commits/91c9687fbc44233520cee0d6a2c9ed29f3c75513,1,-1,55,10
https://github.com/wildfly/jboss-ejb-client,ID,https://github.com/wildfly/jboss-ejb-client/pull/534,,1,-1,14,14
https://github.com/wildfly/wildfly,NIO,https://github.com/wildfly/wildfly/pull/19343,https://issues.redhat.com/projects/WFLY/issues/WFLY-21052,2,-1,3,0
https://github.com/wikidata/wikidata-toolkit,OD-Vic,https://github.com/Wikidata/Wikidata-Toolkit/pull/485,,1,-1,7,2
https://github.com/wildfly/wildfly,ID,https://github.com/wildfly/wildfly/pull/13728,,3,-1,1,2
https://github.com/wikidata/wikidata-toolkit,OD-Brit,https://github.com/Wikidata/Wikidata-Toolkit/pull/484,,1,-1,2,2
https://github.com/wro4j/wro4j,ID,https://github.com/wro4j/wro4j/pull/1167,,4,-1,15,2
https://github.com/wildfly/wildfly-core,ID,https://github.com/wildfly/wildfly-core/pull/6533,,1,-1,51,31
https://github.com/yahoo/elide,ID,https://github.com/yahoo/elide/pull/3111,,1,-1,5,5
https://github.com/wso2/carbon-apimgt,ID,https://github.com/wso2/carbon-apimgt/pull/13527,,1,-1,5,1
https://github.com/wildfly/wildfly-core,ID,https://github.com/wildfly/wildfly-core/pull/6534,,1,-1,34,23
https://github.com/yangfuhai/jboot,OD,https://github.com/yangfuhai/jboot/pull/117,https://github.com/TestingResearchIllinois/flaky-test-dataset/issues/88,1,-1,1,1
https://github.com/wildfly/wildfly-core,ID,https://github.com/wildfly/wildfly-core/pull/5366,,1,-1,6,2
https://github.com/yahoo/elide,ID,https://github.com/yahoo/elide/pull/3116,,1,-1,19,2
https://github.com/yandex/yoctodb,ID,https://github.com/yandex/yoctodb/pull/47,,3,-1,2,2
https://github.com/yangfuhai/jboot,OD,https://github.com/yangfuhai/jboot/pull/97,https://github.com/TestingResearchIllinois/flaky-test-dataset/issues/88,1,-1,2,2
https://github.com/zalando/riptide,ID,https://github.com/zalando/riptide/pull/1778,,2,-1,19,5
https://github.com/zalando/riptide,NIO;UD,https://github.com/zalando/riptide/pull/1020,,1,-1,6,0
https://github.com/zavtech/morpheus-core,ID,https://github.com/zavtech/morpheus-core/pull/107,,1,-1,31,18
